sale_id,date,item,qty,amount,status
S00001,2025-01-01,apple tart,1,5.50,paid
S00002,2025-01-01,seed rye,1,8.25,paid
S00003,2025-01-01,filter coffee,1,3.00,paid
S00004,2025-01-01,sourdough loaf,2,15.00,paid
S00005,2025-01-01,croissant,1,3.75,paid
S00006,2025-01-01,apple tart,1,5.50,paid
S00007,2025-01-01,apple tart,1,5.50,paid
S00008,2025-01-01,cinnamon bun,2,8.50,paid
S00009,2025-01-01,apple tart,1,5.50,paid
S00010,2025-01-01,filter coffee,1,3.00,paid
S00011,2025-01-01,cinnamon bun,1,4.25,paid
S00012,2025-01-02,seed rye,2,16.50,paid
S00013,2025-01-02,filter coffee,2,6.00,paid
S00014,2025-01-02,apple tart,3,16.50,paid
S00015,2025-01-02,apple tart,2,11.00,paid
S00016,2025-01-02,filter coffee,1,3.00,paid
S00017,2025-01-02,croissant,3,11.25,paid
S00018,2025-01-02,filter coffee,2,6.00,paid
S00019,2025-01-02,cinnamon bun,3,12.75,paid
S00020,2025-01-02,croissant,1,3.75,paid
S00021,2025-01-02,seed rye,1,,paid
S00022,2025-01-02,seed rye,1,8.25,refunded
S00023,2025-01-02,apple tart,3,16.50,paid
S00024,2025-01-02,seed rye,2,16.50,paid
S00025,2025-01-02,croissant,1,3.75,void
S00026,2025-01-03,seed rye,1,8.25,paid
S00027,2025-01-03,filter coffee,1,3.00,paid
S00028,2025-01-03,sourdough loaf,2,15.00,void
S00029,2025-01-03,sourdough loaf,3,22.50,paid
S00030,2025-01-03,sourdough loaf,1,7.50,refunded
S00031,2025-01-03,sourdough loaf,2,15.00,paid
S00032,2025-01-03,seed rye,1,8.25,paid
S00033,2025-01-03,seed rye,1,8.25,paid
S00034,2025-01-03,croissant,1,3.75,paid
S00035,2025-01-03,cinnamon bun,3,12.75,paid
S00036,2025-01-03,apple tart,2,11.00,refunded
S00037,2025-01-03,cinnamon bun,1,4.25,paid
S00038,2025-01-03,seed rye,2,16.50,paid
S00039,2025-01-03,sourdough loaf,3,22.50,paid
S00040,2025-01-03,croissant,2,7.50,paid
S00041,2025-01-03,filter coffee,2,6.00,paid
S00042,2025-01-03,croissant,1,3.75,paid
S00043,2025-01-03,seed rye,2,16.50,paid
S00044,2025-01-04,sourdough loaf,3,22.50,paid
S00045,2025-01-04,croissant,1,3.75,paid
S00046,2025-01-04,cinnamon bun,1,4.25,paid
S00047,2025-01-04,filter coffee,3,9.00,paid
S00048,2025-01-04,seed rye,1,8.25,paid
S00049,2025-01-04,croissant,2,7.50,paid
S00050,2025-01-04,apple tart,1,5.50,paid
S00051,2025-01-04,sourdough loaf,2,15.00,paid
S00052,2025-01-04,filter coffee,2,6.00,paid
S00053,2025-01-04,seed rye,2,16.50,paid
S00054,2025-01-04,filter coffee,2,6.00,paid
S00055,2025-01-04,cinnamon bun,2,8.50,paid
S00056,2025-01-04,filter coffee,2,6.00,paid
S00057,2025-01-04,cinnamon bun,1,4.25,paid
S00058,2025-01-04,croissant,1,3.75,paid
S00059,2025-01-04,filter coffee,2,6.00,paid
S00060,2025-01-04,seed rye,2,16.50,paid
S00061,2025-01-04,sourdough loaf,1,7.50,paid
S00062,2025-01-04,seed rye,1,8.25,paid
S00063,2025-01-04,sourdough loaf,1,7.50,paid
S00064,2025-01-04,croissant,2,7.50,paid
S00065,2025-01-04,seed rye,2,16.50,paid
S00066,2025-01-04,apple tart,1,5.50,paid
S00067,2025-01-04,cinnamon bun,1,4.25,paid
S00068,2025-01-05,filter coffee,1,3.00,paid
S00069,2025-01-05,croissant,1,3.75,paid
S00070,2025-01-05,croissant,1,3.75,paid
S00071,2025-01-05,cinnamon bun,1,4.25,paid
S00072,2025-01-05,filter coffee,1,3.00,paid
S00073,2025-01-05,filter coffee,2,6.00,paid
S00074,2025-01-05,croissant,1,3.75,paid
S00075,2025-01-05,cinnamon bun,1,4.25,paid
S00076,2025-01-05,filter coffee,1,3.00,paid
S00077,2025-01-05,cinnamon bun,2,8.50,paid
S00078,2025-01-05,filter coffee,1,3.00,paid
S00079,2025-01-05,croissant,1,3.75,refunded
S00079,2025-01-05,croissant,1,3.75,refunded
S00080,2025-01-05,filter coffee,1,3.00,paid
S00081,2025-01-05,sourdough loaf,1,7.50,paid
S00082,2025-01-05,sourdough loaf,1,7.50,paid
S00083,2025-01-05,croissant,3,11.25,paid
S00084,2025-01-05,apple tart,2,11.00,paid
S00085,2025-01-05,apple tart,2,11.00,paid
S00086,2025-01-05,seed rye,2,16.50,paid
S00087,2025-01-05,apple tart,3,16.50,refunded
S00088,2025-01-05,apple tart,1,5.50,refunded
S00089,2025-01-05,sourdough loaf,3,22.50,paid
S00090,2025-01-05,sourdough loaf,3,22.50,paid
S00091,2025-01-05,apple tart,3,16.50,paid
S00092,2025-01-05,croissant,1,3.75,paid
S00093,2025-01-05,filter coffee,3,9.00,paid
S00094,2025-01-05,seed rye,1,8.25,paid
S00095,2025-01-05,croissant,1,3.75,paid
S00096,2025-01-05,croissant,3,11.25,paid
S00097,2025-01-06,sourdough loaf,2,15.00,paid
S00098,2025-01-06,filter coffee,1,3.00,paid
S00099,2025-01-06,croissant,1,3.75,paid
S00100,2025-01-06,cinnamon bun,1,4.25,paid
S00101,2025-01-06,cinnamon bun,1,4.25,paid
S00102,2025-01-06,filter coffee,3,9.00,paid
S00103,2025-01-06,cinnamon bun,1,,paid
S00104,2025-01-06,sourdough loaf,1,7.50,paid
S00105,2025-01-07,seed rye,1,8.25,paid
S00106,2025-01-07,sourdough loaf,1,7.50,paid
S00107,2025-01-08,cinnamon bun,2,8.50,paid
S00108,2025-01-08,sourdough loaf,3,22.50,paid
S00109,2025-01-08,sourdough loaf,1,7.50,paid
S00110,2025-01-08,cinnamon bun,2,8.50,paid
S00111,2025-01-08,cinnamon bun,1,4.25,paid
S00112,2025-01-08,apple tart,1,5.50,paid
S00113,2025-01-08,croissant,1,3.75,paid
S00114,2025-01-08,cinnamon bun,2,8.50,paid
S00115,2025-01-08,seed rye,1,8.25,paid
S00116,2025-01-08,sourdough loaf,3,22.50,paid
S00117,2025-01-08,cinnamon bun,1,4.25,paid
S00118,2025-01-08,apple tart,2,11.00,paid
S00119,2025-01-08,croissant,2,7.50,paid
S00120,2025-01-08,sourdough loaf,1,7.50,paid
S00121,2025-01-08,seed rye,2,16.50,paid
S00122,2025-01-08,filter coffee,2,6.00,paid
S00123,2025-01-08,apple tart,1,5.50,paid
S00124,2025-01-08,filter coffee,1,3.00,paid
S00125,2025-01-09,cinnamon bun,1,4.25,paid
S00126,2025-01-09,sourdough loaf,1,7.50,paid
S00127,2025-01-09,seed rye,1,8.25,paid
S00128,2025-01-09,apple tart,1,5.50,paid
S00129,2025-01-09,apple tart,3,16.50,paid
S00130,2025-01-09,filter coffee,1,3.00,paid
S00131,2025-01-09,sourdough loaf,3,22.50,paid
S00132,2025-01-09,cinnamon bun,3,12.75,paid
S00133,2025-01-09,croissant,1,3.75,paid
S00134,2025-01-09,seed rye,2,16.50,paid
S00135,2025-01-09,sourdough loaf,2,15.00,paid
S00136,2025-01-09,croissant,2,7.50,paid
S00137,2025-01-09,cinnamon bun,3,12.75,paid
S00138,2025-01-09,apple tart,2,11.00,paid
S00139,2025-01-09,cinnamon bun,1,4.25,paid
S00140,2025-01-09,filter coffee,1,3.00,paid
S00141,2025-01-10,cinnamon bun,2,8.50,paid
S00142,2025-01-10,filter coffee,1,3.00,paid
S00143,2025-01-10,croissant,3,11.25,paid
S00144,2025-01-10,sourdough loaf,1,7.50,paid
S00145,2025-01-10,cinnamon bun,2,8.50,paid
S00146,2025-01-10,cinnamon bun,1,4.25,paid
S00147,2025-01-10,sourdough loaf,1,7.50,paid
S00148,2025-01-10,filter coffee,1,3.00,paid
S00149,2025-01-10,sourdough loaf,3,22.50,paid
S00150,2025-01-10,cinnamon bun,2,8.50,paid
S00151,2025-01-10,croissant,1,3.75,paid
S00152,2025-01-10,croissant,2,7.50,paid
S00153,2025-01-10,sourdough loaf,2,15.00,paid
S00154,2025-01-11,apple tart,1,5.50,paid
S00155,2025-01-11,cinnamon bun,1,4.25,paid
S00156,2025-01-11,filter coffee,1,3.00,paid
S00157,2025-01-11,croissant,1,3.75,paid
S00158,2025-01-11,apple tart,1,5.50,paid
S00159,2025-01-11,croissant,2,7.50,paid
S00160,2025-01-11,croissant,2,7.50,void
S00161,2025-01-11,croissant,2,7.50,paid
S00162,2025-01-11,apple tart,2,11.00,paid
S00163,2025-01-11,sourdough loaf,1,7.50,void
S00164,2025-01-11,sourdough loaf,1,7.50,paid
S00165,2025-01-11,sourdough loaf,2,15.00,paid
S00166,2025-01-11,seed rye,1,8.25,paid
S00167,2025-01-11,filter coffee,1,3.00,paid
S00168,2025-01-11,cinnamon bun,2,8.50,paid
S00169,2025-01-11,croissant,2,7.50,paid
S00170,2025-01-11,filter coffee,1,3.00,paid
S00171,2025-01-11,croissant,1,3.75,paid
S00172,2025-01-12,sourdough loaf,2,15.00,paid
S00173,2025-01-12,cinnamon bun,1,4.25,paid
S00174,2025-01-12,croissant,1,3.75,paid
S00175,2025-01-12,sourdough loaf,2,15.00,paid
S00176,2025-01-12,croissant,3,11.25,paid
S00177,2025-01-12,filter coffee,1,3.00,paid
S00178,2025-01-12,cinnamon bun,1,4.25,paid
S00179,2025-01-12,seed rye,3,24.75,paid
S00180,2025-01-12,seed rye,3,24.75,paid
S00181,2025-01-12,filter coffee,3,9.00,paid
S00182,2025-01-12,filter coffee,2,6.00,paid
S00183,2025-01-12,croissant,2,7.50,paid
S00184,2025-01-12,filter coffee,2,6.00,paid
S00185,2025-01-12,apple tart,1,5.50,paid
S00186,2025-01-12,filter coffee,3,9.00,refunded
S00187,2025-01-12,apple tart,3,16.50,paid
S00188,2025-01-12,croissant,3,11.25,paid
S00189,2025-01-12,cinnamon bun,1,4.25,paid
S00190,2025-01-12,cinnamon bun,2,8.50,refunded
S00191,2025-01-12,croissant,1,3.75,paid
S00192,2025-01-12,cinnamon bun,3,12.75,paid
S00193,2025-01-12,seed rye,1,8.25,paid
S00194,2025-01-13,sourdough loaf,1,7.50,void
S00195,2025-01-13,cinnamon bun,2,8.50,void
S00196,2025-01-14,filter coffee,1,3.00,paid
S00197,2025-01-14,cinnamon bun,1,4.25,paid
S00198,2025-01-14,cinnamon bun,3,12.75,paid
S00199,2025-01-14,filter coffee,2,6.00,paid
S00200,2025-01-14,apple tart,1,,paid
S00201,2025-01-14,cinnamon bun,2,8.50,paid
S00202,2025-01-14,seed rye,2,16.50,paid
S00203,2025-01-14,filter coffee,1,3.00,paid
S00204,2025-01-15,sourdough loaf,3,22.50,paid
S00205,2025-01-15,seed rye,2,16.50,paid
S00206,2025-01-15,seed rye,1,8.25,paid
S00207,2025-01-15,sourdough loaf,2,15.00,paid
S00208,2025-01-15,seed rye,3,24.75,paid
S00209,2025-01-15,cinnamon bun,1,4.25,paid
S00210,2025-01-15,apple tart,2,11.00,paid
S00211,2025-01-15,apple tart,3,16.50,paid
S00212,2025-01-15,sourdough loaf,1,7.50,paid
S00213,2025-01-15,apple tart,1,5.50,paid
S00214,2025-01-15,seed rye,1,8.25,paid
S00215,2025-01-15,seed rye,1,8.25,paid
S00216,2025-01-15,croissant,3,11.25,paid
S00217,2025-01-15,filter coffee,3,9.00,paid
S00218,2025-01-16,filter coffee,2,6.00,paid
S00219,2025-01-16,seed rye,1,8.25,paid
S00220,2025-01-16,croissant,1,3.75,paid
S00221,2025-01-16,croissant,3,11.25,paid
S00222,2025-01-16,apple tart,1,5.50,paid
S00223,2025-01-17,apple tart,1,5.50,paid
S00224,2025-01-17,croissant,1,3.75,paid
S00225,2025-01-17,apple tart,1,5.50,paid
S00226,2025-01-17,sourdough loaf,3,22.50,paid
S00227,2025-01-17,cinnamon bun,1,4.25,paid
S00228,2025-01-17,seed rye,2,16.50,paid
S00229,2025-01-17,sourdough loaf,2,15.00,paid
S00230,2025-01-17,seed rye,1,8.25,paid
S00231,2025-01-17,filter coffee,1,3.00,paid
S00232,2025-01-17,cinnamon bun,2,8.50,paid
S00233,2025-01-17,seed rye,1,8.25,refunded
S00234,2025-01-17,croissant,3,11.25,paid
S00235,2025-01-17,filter coffee,3,9.00,paid
S00236,2025-01-17,filter coffee,3,9.00,paid
S00237,2025-01-17,cinnamon bun,2,8.50,paid
S00238,2025-01-17,croissant,2,7.50,paid
S00239,2025-01-17,sourdough loaf,1,7.50,paid
S00240,2025-01-18,seed rye,3,24.75,paid
S00241,2025-01-18,croissant,1,3.75,paid
S00242,2025-01-18,cinnamon bun,1,4.25,paid
S00243,2025-01-18,croissant,3,11.25,paid
S00244,2025-01-18,croissant,1,3.75,void
S00245,2025-01-18,sourdough loaf,1,7.50,paid
S00246,2025-01-18,filter coffee,1,3.00,paid
S00247,2025-01-18,filter coffee,2,6.00,paid
S00248,2025-01-18,seed rye,3,24.75,paid
S00249,2025-01-18,sourdough loaf,3,22.50,paid
S00250,2025-01-18,apple tart,2,11.00,paid
S00251,2025-01-18,apple tart,3,16.50,paid
S00252,2025-01-18,filter coffee,1,3.00,paid
S00253,2025-01-18,filter coffee,3,9.00,paid
S00254,2025-01-18,sourdough loaf,2,15.00,paid
S00255,2025-01-18,apple tart,1,5.50,paid
S00256,2025-01-18,sourdough loaf,1,7.50,paid
S00257,2025-01-19,seed rye,2,16.50,paid
S00258,2025-01-19,cinnamon bun,2,8.50,paid
S00259,2025-01-19,croissant,2,7.50,paid
S00260,2025-01-19,apple tart,1,5.50,paid
S00261,2025-01-19,filter coffee,3,9.00,paid
S00262,2025-01-19,apple tart,2,11.00,paid
S00263,2025-01-19,filter coffee,2,6.00,paid
S00264,2025-01-19,apple tart,1,5.50,paid
S00265,2025-01-19,cinnamon bun,3,12.75,paid
S00266,2025-01-19,cinnamon bun,2,8.50,paid
S00267,2025-01-19,croissant,1,3.75,paid
S00268,2025-01-19,filter coffee,1,3.00,paid
S00269,2025-01-19,cinnamon bun,2,8.50,paid
S00270,2025-01-19,croissant,1,3.75,paid
S00271,2025-01-19,croissant,2,7.50,paid
S00272,2025-01-19,sourdough loaf,3,22.50,paid
S00273,2025-01-19,croissant,2,7.50,paid
S00274,2025-01-19,croissant,2,7.50,paid
S00275,2025-01-20,seed rye,3,24.75,paid
S00276,2025-01-20,apple tart,2,11.00,paid
S00277,2025-01-20,croissant,2,7.50,paid
S00278,2025-01-20,filter coffee,1,3.00,paid
S00279,2025-01-20,cinnamon bun,2,8.50,paid
S00280,2025-01-20,filter coffee,2,6.00,void
S00281,2025-01-20,apple tart,1,5.50,paid
S00282,2025-01-21,filter coffee,2,6.00,paid
S00283,2025-01-21,croissant,1,3.75,paid
S00284,2025-01-21,seed rye,1,8.25,paid
S00285,2025-01-21,cinnamon bun,1,4.25,paid
S00286,2025-01-21,seed rye,1,8.25,void
S00287,2025-01-21,cinnamon bun,3,12.75,paid
S00288,2025-01-21,sourdough loaf,2,15.00,paid
S00289,2025-01-21,cinnamon bun,1,4.25,paid
S00290,2025-01-21,apple tart,1,5.50,paid
S00291,2025-01-21,apple tart,3,16.50,paid
S00292,2025-01-21,apple tart,3,16.50,paid
S00293,2025-01-22,sourdough loaf,2,15.00,paid
S00294,2025-01-22,croissant,1,3.75,paid
S00295,2025-01-22,cinnamon bun,1,4.25,paid
S00296,2025-01-22,seed rye,2,16.50,paid
S00297,2025-01-22,filter coffee,2,6.00,paid
S00298,2025-01-22,apple tart,1,5.50,paid
S00299,2025-01-22,croissant,1,3.75,paid
S00300,2025-01-22,sourdough loaf,1,7.50,paid
S00301,2025-01-22,croissant,2,7.50,paid
S00302,2025-01-22,apple tart,3,16.50,paid
S00303,2025-01-23,cinnamon bun,1,4.25,paid
S00304,2025-01-23,seed rye,1,8.25,paid
S00305,2025-01-23,filter coffee,2,6.00,paid
S00306,2025-01-23,apple tart,1,5.50,paid
S00307,2025-01-23,apple tart,2,11.00,paid
S00308,2025-01-23,seed rye,1,8.25,paid
S00309,2025-01-23,seed rye,1,8.25,paid
S00310,2025-01-23,cinnamon bun,2,8.50,paid
S00311,23/01/2025,seed rye,1,8.25,paid
S00312,2025-01-23,filter coffee,1,3.00,paid
S00313,2025-01-23,croissant,2,7.50,paid
S00314,2025-01-24,filter coffee,1,3.00,paid
S00315,2025-01-24,apple tart,1,5.50,paid
S00316,2025-01-24,cinnamon bun,2,8.50,paid
S00317,2025-01-24,cinnamon bun,1,4.25,paid
S00318,2025-01-24,seed rye,1,8.25,paid
S00319,2025-01-24,croissant,3,11.25,paid
S00320,2025-01-24,croissant,1,3.75,paid
S00321,2025-01-24,apple tart,2,11.00,paid
S00322,2025-01-24,seed rye,2,16.50,paid
S00323,2025-01-24,filter coffee,2,6.00,paid
S00324,2025-01-24,filter coffee,2,6.00,paid
S00325,2025-01-24,croissant,1,3.75,paid
S00326,2025-01-25,sourdough loaf,2,15.00,paid
S00327,2025-01-25,cinnamon bun,2,8.50,paid
S00328,2025-01-25,croissant,2,7.50,paid
S00329,2025-01-25,croissant,1,3.75,paid
S00330,2025-01-25,sourdough loaf,1,7.50,paid
S00331,25/01/2025,filter coffee,1,3.00,paid
S00332,2025-01-25,apple tart,1,5.50,paid
S00333,2025-01-25,cinnamon bun,1,4.25,paid
S00334,2025-01-25,croissant,3,11.25,paid
S00335,2025-01-25,croissant,1,3.75,paid
S00336,2025-01-25,filter coffee,1,3.00,paid
S00337,2025-01-25,cinnamon bun,1,4.25,paid
S00338,2025-01-25,croissant,3,11.25,paid
S00339,2025-01-25,croissant,1,3.75,paid
S00340,2025-01-25,cinnamon bun,1,4.25,paid
S00341,2025-01-25,filter coffee,1,3.00,paid
S00342,2025-01-25,croissant,2,7.50,paid
S00343,2025-01-25,cinnamon bun,2,8.50,void
S00344,2025-01-25,cinnamon bun,2,8.50,paid
S00345,2025-01-25,apple tart,1,5.50,paid
S00346,2025-01-25,seed rye,1,8.25,paid
S00347,2025-01-26,seed rye,1,8.25,paid
S00348,2025-01-26,croissant,2,7.50,paid
S00349,2025-01-26,cinnamon bun,1,4.25,paid
S00350,2025-01-26,seed rye,1,8.25,paid
S00351,2025-01-26,apple tart,1,5.50,paid
S00352,2025-01-26,filter coffee,1,3.00,paid
S00353,2025-01-26,cinnamon bun,1,4.25,paid
S00354,2025-01-26,cinnamon bun,2,,paid
S00355,2025-01-26,seed rye,1,8.25,paid
S00356,2025-01-26,cinnamon bun,3,12.75,paid
S00357,2025-01-26,sourdough loaf,3,22.50,paid
S00358,2025-01-26,sourdough loaf,1,7.50,refunded
S00359,2025-01-26,cinnamon bun,2,8.50,paid
S00360,2025-01-26,croissant,1,3.75,paid
S00361,2025-01-26,apple tart,2,11.00,paid
S00362,2025-01-26,sourdough loaf,2,15.00,paid
S00363,2025-01-27,seed rye,1,8.25,paid
S00364,2025-01-27,croissant,1,3.75,paid
S00365,2025-01-27,seed rye,1,8.25,paid
S00366,2025-01-27,croissant,1,3.75,paid
S00367,2025-01-27,cinnamon bun,2,8.50,paid
S00368,2025-01-27,cinnamon bun,1,4.25,paid
S00369,2025-01-28,croissant,1,3.75,paid
S00370,2025-01-28,filter coffee,2,6.00,paid
S00371,2025-01-28,sourdough loaf,1,7.50,paid
S00372,2025-01-28,apple tart,2,11.00,paid
S00373,2025-01-28,sourdough loaf,2,15.00,paid
S00374,2025-01-28,croissant,1,3.75,paid
S00375,2025-01-28,sourdough loaf,2,15.00,paid
S00376,2025-01-28,cinnamon bun,2,8.50,paid
S00377,2025-01-28,cinnamon bun,2,8.50,paid
S00378,2025-01-28,apple tart,1,5.50,paid
S00379,2025-01-28,cinnamon bun,1,4.25,paid
S00380,2025-01-28,seed rye,2,16.50,paid
S00381,2025-01-29,cinnamon bun,1,4.25,paid
S00382,2025-01-29,cinnamon bun,2,8.50,paid
S00383,2025-01-29,sourdough loaf,2,15.00,paid
S00384,2025-01-29,cinnamon bun,3,12.75,paid
S00385,2025-01-29,seed rye,1,8.25,paid
S00386,2025-01-29,apple tart,3,16.50,paid
S00387,2025-01-29,filter coffee,2,6.00,paid
S00388,2025-01-29,filter coffee,1,3.00,paid
S00389,2025-01-30,filter coffee,1,3.00,paid
S00390,2025-01-30,filter coffee,3,9.00,paid
S00391,2025-01-30,filter coffee,1,3.00,paid
S00392,2025-01-30,seed rye,1,8.25,paid
S00393,2025-01-30,croissant,1,3.75,paid
S00394,2025-01-30,sourdough loaf,1,7.50,paid
S00395,2025-01-30,seed rye,2,16.50,void
S00396,2025-01-30,filter coffee,2,6.00,paid
S00397,2025-01-30,apple tart,1,5.50,paid
S00398,2025-01-30,seed rye,2,16.50,paid
S00399,2025-01-30,seed rye,2,16.50,paid
S00400,2025-01-31,cinnamon bun,2,8.50,paid
S00401,2025-01-31,seed rye,2,16.50,paid
S00402,2025-01-31,croissant,2,7.50,paid
S00403,2025-01-31,apple tart,3,16.50,paid
S00404,2025-01-31,apple tart,3,16.50,paid
S00405,2025-01-31,sourdough loaf,3,22.50,paid
S00406,2025-01-31,apple tart,2,11.00,paid
S00407,2025-01-31,croissant,1,3.75,paid
S00408,2025-01-31,seed rye,2,16.50,paid
S00409,2025-01-31,sourdough loaf,3,22.50,paid
S00410,2025-01-31,croissant,1,3.75,paid
S00411,2025-02-01,cinnamon bun,1,4.25,paid
S00412,2025-02-01,seed rye,1,8.25,paid
S00413,2025-02-01,seed rye,1,8.25,paid
S00414,2025-02-01,seed rye,1,8.25,refunded
S00415,2025-02-01,filter coffee,3,9.00,paid
S00416,2025-02-01,filter coffee,1,3.00,paid
S00417,2025-02-01,croissant,1,3.75,void
S00418,2025-02-01,seed rye,2,16.50,paid
S00419,2025-02-01,cinnamon bun,2,8.50,paid
S00420,2025-02-01,sourdough loaf,1,7.50,paid
S00421,2025-02-01,sourdough loaf,1,7.50,paid
S00422,2025-02-01,croissant,1,3.75,paid
S00423,2025-02-01,seed rye,1,8.25,paid
S00424,2025-02-01,apple tart,1,5.50,paid
S00425,2025-02-01,cinnamon bun,2,8.50,paid
S00426,2025-02-01,sourdough loaf,3,22.50,paid
S00427,2025-02-01,filter coffee,1,3.00,paid
S00428,2025-02-01,sourdough loaf,3,22.50,paid
S00429,2025-02-01,sourdough loaf,1,7.50,paid
S00430,2025-02-01,sourdough loaf,3,22.50,paid
S00431,2025-02-01,cinnamon bun,1,4.25,paid
S00432,2025-02-01,croissant,1,3.75,paid
S00433,2025-02-01,filter coffee,1,3.00,paid
S00434,2025-02-01,cinnamon bun,3,12.75,paid
S00435,2025-02-01,croissant,3,11.25,paid
S00436,2025-02-01,cinnamon bun,1,4.25,paid
S00437,2025-02-01,croissant,2,7.50,paid
S00438,2025-02-01,filter coffee,3,9.00,paid
S00439,2025-02-01,apple tart,1,5.50,paid
S00440,2025-02-02,sourdough loaf,1,7.50,paid
S00441,2025-02-02,apple tart,3,16.50,paid
S00442,2025-02-02,sourdough loaf,1,7.50,paid
S00443,2025-02-02,apple tart,3,16.50,paid
S00444,2025-02-02,apple tart,1,5.50,paid
S00445,2025-02-02,croissant,1,3.75,refunded
S00446,2025-02-02,croissant,3,11.25,paid
S00447,2025-02-02,cinnamon bun,2,8.50,paid
S00448,2025-02-02,filter coffee,3,9.00,paid
S00449,2025-02-02,croissant,3,11.25,paid
S00450,2025-02-02,seed rye,1,8.25,paid
S00451,2025-02-02,croissant,3,11.25,paid
S00452,2025-02-02,croissant,1,3.75,paid
S00453,2025-02-02,cinnamon bun,1,4.25,paid
S00454,2025-02-02,cinnamon bun,2,8.50,paid
S00455,2025-02-02,sourdough loaf,2,15.00,void
S00456,2025-02-02,apple tart,2,11.00,paid
S00457,2025-02-02,seed rye,1,8.25,paid
S00458,2025-02-02,apple tart,3,16.50,paid
S00459,2025-02-02,sourdough loaf,2,15.00,paid
S00460,2025-02-02,apple tart,1,5.50,paid
S00461,2025-02-02,filter coffee,1,3.00,paid
S00462,2025-02-02,cinnamon bun,1,4.25,paid
S00463,2025-02-02,apple tart,2,11.00,paid
S00464,2025-02-03,croissant,1,3.75,paid
S00465,2025-02-03,croissant,2,7.50,paid
S00466,2025-02-03,filter coffee,1,3.00,paid
S00467,2025-02-03,seed rye,2,16.50,paid
S00468,2025-02-03,cinnamon bun,1,4.25,paid
S00469,2025-02-03,croissant,2,7.50,paid
S00470,2025-02-04,cinnamon bun,2,8.50,paid
S00471,2025-02-04,filter coffee,2,6.00,paid
S00472,2025-02-04,seed rye,3,24.75,paid
S00473,2025-02-04,apple tart,1,5.50,paid
S00474,2025-02-04,croissant,1,3.75,paid
S00475,2025-02-04,cinnamon bun,2,8.50,paid
S00476,2025-02-04,filter coffee,1,3.00,paid
S00477,2025-02-04,sourdough loaf,1,7.50,paid
S00478,2025-02-04,cinnamon bun,3,12.75,paid
S00479,2025-02-04,sourdough loaf,3,22.50,paid
S00480,2025-02-04,sourdough loaf,2,15.00,paid
S00481,2025-02-05,sourdough loaf,3,22.50,void
S00482,2025-02-05,filter coffee,2,6.00,paid
S00483,2025-02-05,croissant,1,3.75,paid
S00484,2025-02-05,sourdough loaf,3,22.50,paid
S00485,2025-02-05,filter coffee,1,3.00,paid
S00486,2025-02-05,cinnamon bun,1,4.25,paid
S00487,2025-02-05,sourdough loaf,1,7.50,paid
S00488,2025-02-05,apple tart,2,11.00,paid
S00489,2025-02-05,seed rye,1,8.25,paid
S00490,2025-02-05,apple tart,2,11.00,paid
S00491,2025-02-05,filter coffee,1,3.00,paid
S00492,2025-02-05,apple tart,3,16.50,paid
S00493,2025-02-05,apple tart,1,5.50,paid
S00494,2025-02-06,sourdough loaf,1,7.50,paid
S00495,2025-02-06,filter coffee,1,3.00,paid
S00496,2025-02-06,seed rye,1,8.25,paid
S00497,2025-02-06,seed rye,1,8.25,paid
S00498,2025-02-06,filter coffee,2,6.00,paid
S00499,2025-02-06,croissant,1,3.75,paid
S00500,2025-02-07,apple tart,3,16.50,paid
S00501,2025-02-07,cinnamon bun,2,8.50,paid
S00502,2025-02-07,seed rye,1,8.25,paid
S00503,2025-02-07,cinnamon bun,1,4.25,paid
S00504,2025-02-07,sourdough loaf,1,7.50,refunded
S00505,2025-02-07,croissant,1,3.75,paid
S00506,2025-02-07,apple tart,1,5.50,paid
S00507,2025-02-07,croissant,1,3.75,paid
S00508,2025-02-07,filter coffee,2,6.00,paid
S00509,2025-02-07,croissant,1,3.75,paid
S00510,2025-02-07,cinnamon bun,1,4.25,paid
S00511,2025-02-07,seed rye,1,8.25,void
S00512,2025-02-07,sourdough loaf,2,15.00,paid
S00513,2025-02-07,croissant,3,11.25,paid
S00514,2025-02-07,croissant,2,7.50,paid
S00515,2025-02-08,sourdough loaf,1,7.50,paid
S00516,2025-02-08,sourdough loaf,1,7.50,paid
S00517,2025-02-08,sourdough loaf,1,7.50,paid
S00518,2025-02-08,seed rye,3,24.75,paid
S00519,2025-02-08,sourdough loaf,3,22.50,paid
S00520,2025-02-08,filter coffee,1,3.00,paid
S00521,2025-02-08,filter coffee,2,6.00,paid
S00522,2025-02-08,croissant,1,3.75,paid
S00523,2025-02-08,cinnamon bun,2,8.50,paid
S00524,2025-02-08,seed rye,1,8.25,paid
S00525,2025-02-08,sourdough loaf,3,22.50,paid
S00526,2025-02-08,cinnamon bun,1,4.25,paid
S00527,2025-02-08,filter coffee,1,3.00,paid
S00528,2025-02-08,croissant,2,7.50,paid
S00529,2025-02-08,sourdough loaf,2,15.00,paid
S00530,2025-02-08,cinnamon bun,3,12.75,paid
S00531,2025-02-08,croissant,2,7.50,paid
S00532,2025-02-08,filter coffee,1,3.00,paid
S00533,2025-02-08,cinnamon bun,1,4.25,paid
S00534,2025-02-08,filter coffee,3,9.00,paid
S00535,2025-02-08,filter coffee,3,9.00,paid
S00536,2025-02-08,filter coffee,1,3.00,paid
S00537,2025-02-08,cinnamon bun,2,8.50,paid
S00538,2025-02-09,cinnamon bun,1,4.25,paid
S00539,2025-02-09,croissant,1,3.75,paid
S00540,2025-02-09,sourdough loaf,1,7.50,paid
S00541,2025-02-09,filter coffee,1,3.00,paid
S00542,2025-02-09,sourdough loaf,1,,void
S00543,2025-02-09,apple tart,1,5.50,paid
S00544,2025-02-09,cinnamon bun,3,12.75,paid
S00545,2025-02-09,sourdough loaf,2,15.00,paid
S00546,2025-02-09,seed rye,2,16.50,paid
S00547,2025-02-09,cinnamon bun,1,4.25,paid
S00548,2025-02-09,filter coffee,1,3.00,paid
S00549,2025-02-09,seed rye,1,8.25,paid
S00550,2025-02-09,croissant,1,3.75,paid
S00551,2025-02-09,sourdough loaf,1,7.50,paid
S00552,2025-02-09,cinnamon bun,1,4.25,paid
S00553,2025-02-09,cinnamon bun,3,12.75,paid
S00554,2025-02-09,filter coffee,1,3.00,paid
S00555,2025-02-09,filter coffee,1,3.00,paid
S00556,2025-02-09,cinnamon bun,3,12.75,paid
S00557,2025-02-09,sourdough loaf,1,7.50,paid
S00558,2025-02-10,apple tart,2,11.00,paid
S00558,2025-02-10,apple tart,2,11.00,paid
S00559,2025-02-10,apple tart,3,16.50,paid
S00560,2025-02-10,croissant,3,11.25,paid
S00561,2025-02-10,seed rye,1,8.25,paid
S00562,2025-02-10,seed rye,3,24.75,paid
S00563,2025-02-10,filter coffee,3,9.00,paid
S00564,2025-02-11,sourdough loaf,2,15.00,paid
S00565,2025-02-11,apple tart,1,5.50,paid
S00566,2025-02-11,apple tart,1,5.50,paid
S00567,2025-02-11,filter coffee,1,3.00,paid
S00568,2025-02-11,seed rye,2,16.50,paid
S00569,2025-02-11,filter coffee,3,9.00,paid
S00570,2025-02-11,seed rye,1,8.25,paid
S00571,2025-02-11,seed rye,1,8.25,paid
S00572,2025-02-12,seed rye,1,8.25,paid
S00573,2025-02-12,cinnamon bun,2,8.50,paid
S00574,2025-02-12,filter coffee,1,3.00,paid
S00575,2025-02-12,cinnamon bun,1,4.25,paid
S00576,2025-02-12,cinnamon bun,1,4.25,paid
S00577,2025-02-12,apple tart,2,11.00,paid
S00578,2025-02-12,filter coffee,2,6.00,paid
S00579,2025-02-12,sourdough loaf,1,7.50,paid
S00580,2025-02-12,filter coffee,2,6.00,paid
S00581,2025-02-12,sourdough loaf,3,22.50,paid
S00582,2025-02-12,cinnamon bun,2,8.50,paid
S00583,2025-02-12,sourdough loaf,2,15.00,paid
S00584,2025-02-12,seed rye,2,16.50,paid
S00585,2025-02-12,sourdough loaf,2,15.00,paid
S00586,2025-02-13,sourdough loaf,3,22.50,paid
S00587,2025-02-13,seed rye,1,8.25,paid
S00588,2025-02-13,cinnamon bun,2,8.50,paid
S00589,2025-02-13,croissant,2,7.50,paid
S00590,2025-02-13,sourdough loaf,1,7.50,paid
S00591,2025-02-13,seed rye,1,8.25,paid
S00592,2025-02-13,seed rye,3,24.75,paid
S00593,2025-02-13,seed rye,1,8.25,paid
S00594,2025-02-13,croissant,2,7.50,paid
S00595,2025-02-13,croissant,1,3.75,paid
S00596,2025-02-13,sourdough loaf,2,15.00,paid
S00597,2025-02-13,croissant,2,7.50,paid
S00598,2025-02-14,apple tart,1,5.50,paid
S00599,2025-02-14,sourdough loaf,2,15.00,paid
S00600,2025-02-14,filter coffee,1,3.00,paid
S00601,2025-02-14,filter coffee,1,3.00,paid
S00602,2025-02-14,apple tart,1,5.50,paid
S00603,2025-02-14,apple tart,1,5.50,paid
S00604,2025-02-14,croissant,3,11.25,paid
S00605,2025-02-14,filter coffee,1,3.00,paid
S00606,2025-02-14,croissant,3,11.25,paid
S00607,2025-02-14,filter coffee,1,3.00,paid
S00608,2025-02-14,sourdough loaf,1,7.50,paid
S00609,2025-02-14,croissant,2,7.50,paid
S00610,2025-02-14,cinnamon bun,1,4.25,paid
S00611,2025-02-15,filter coffee,2,6.00,paid
S00612,2025-02-15,cinnamon bun,1,4.25,paid
S00613,2025-02-15,croissant,2,7.50,paid
S00614,2025-02-15,filter coffee,3,9.00,paid
S00615,2025-02-15,apple tart,3,16.50,paid
S00616,2025-02-15,sourdough loaf,3,22.50,paid
S00617,2025-02-15,croissant,1,3.75,paid
S00618,2025-02-15,croissant,1,3.75,paid
S00619,2025-02-15,cinnamon bun,2,8.50,paid
S00620,2025-02-15,seed rye,2,16.50,paid
S00621,2025-02-15,apple tart,2,11.00,paid
S00622,2025-02-15,cinnamon bun,1,4.25,paid
S00623,2025-02-15,sourdough loaf,1,7.50,paid
S00624,2025-02-15,seed rye,3,24.75,paid
S00625,2025-02-15,sourdough loaf,1,7.50,paid
S00626,2025-02-15,sourdough loaf,2,15.00,paid
S00627,2025-02-15,filter coffee,1,3.00,paid
S00628,2025-02-15,croissant,1,3.75,paid
S00629,2025-02-15,apple tart,1,5.50,void
S00630,2025-02-15,cinnamon bun,1,4.25,paid
S00631,2025-02-15,cinnamon bun,2,8.50,paid
S00632,2025-02-15,filter coffee,3,9.00,paid
S00633,2025-02-16,filter coffee,3,9.00,paid
S00634,2025-02-16,seed rye,1,8.25,paid
S00635,2025-02-16,sourdough loaf,1,7.50,paid
S00636,2025-02-16,seed rye,1,8.25,paid
S00637,2025-02-16,sourdough loaf,2,15.00,paid
S00638,2025-02-16,cinnamon bun,2,8.50,paid
S00639,2025-02-16,cinnamon bun,3,12.75,paid
S00640,2025-02-16,filter coffee,2,6.00,paid
S00641,2025-02-16,seed rye,1,8.25,paid
S00642,2025-02-16,filter coffee,2,6.00,paid
S00643,2025-02-16,filter coffee,2,6.00,paid
S00644,2025-02-16,sourdough loaf,2,15.00,paid
S00645,2025-02-16,cinnamon bun,1,4.25,paid
S00646,2025-02-16,filter coffee,1,3.00,paid
S00647,2025-02-16,croissant,1,,paid
S00648,2025-02-16,croissant,2,7.50,paid
S00649,2025-02-16,seed rye,3,24.75,paid
S00650,2025-02-16,cinnamon bun,3,12.75,paid
S00651,2025-02-16,cinnamon bun,1,4.25,paid
S00652,2025-02-17,apple tart,1,5.50,paid
S00653,2025-02-17,sourdough loaf,3,22.50,paid
S00654,2025-02-17,croissant,3,11.25,paid
S00655,2025-02-17,sourdough loaf,1,7.50,paid
S00656,2025-02-17,filter coffee,1,3.00,paid
S00657,2025-02-17,cinnamon bun,2,8.50,paid
S00658,2025-02-17,apple tart,3,16.50,paid
S00659,2025-02-17,cinnamon bun,1,4.25,paid
S00660,2025-02-18,seed rye,1,8.25,paid
S00661,2025-02-18,sourdough loaf,2,15.00,paid
S00662,2025-02-18,croissant,1,3.75,paid
S00663,2025-02-18,filter coffee,2,6.00,paid
S00664,2025-02-18,filter coffee,1,3.00,paid
S00665,2025-02-18,filter coffee,3,9.00,paid
S00666,2025-02-18,seed rye,2,16.50,paid
S00667,2025-02-18,filter coffee,1,3.00,paid
S00668,2025-02-18,sourdough loaf,1,7.50,paid
S00669,2025-02-18,cinnamon bun,1,4.25,paid
S00670,2025-02-19,seed rye,1,8.25,paid
S00671,2025-02-19,sourdough loaf,1,7.50,paid
S00672,2025-02-19,sourdough loaf,2,15.00,paid
S00673,2025-02-19,filter coffee,2,6.00,paid
S00674,2025-02-19,seed rye,3,24.75,paid
S00675,2025-02-19,cinnamon bun,3,12.75,paid
S00676,2025-02-19,apple tart,1,5.50,paid
S00677,2025-02-19,apple tart,1,5.50,paid
S00678,2025-02-19,cinnamon bun,1,4.25,paid
S00679,2025-02-19,croissant,3,11.25,paid
S00680,2025-02-19,sourdough loaf,2,15.00,paid
S00681,2025-02-19,cinnamon bun,1,4.25,paid
S00682,2025-02-19,sourdough loaf,3,22.50,paid
S00683,2025-02-20,filter coffee,1,3.00,paid
S00684,2025-02-20,sourdough loaf,1,7.50,paid
S00685,2025-02-20,cinnamon bun,1,4.25,paid
S00686,2025-02-20,cinnamon bun,2,8.50,paid
S00687,2025-02-20,seed rye,1,8.25,paid
S00688,2025-02-20,seed rye,1,8.25,paid
S00689,2025-02-20,sourdough loaf,1,7.50,refunded
S00690,2025-02-21,filter coffee,2,6.00,paid
S00691,2025-02-21,filter coffee,1,3.00,paid
S00692,2025-02-21,croissant,1,3.75,paid
S00693,2025-02-21,apple tart,3,16.50,paid
S00694,2025-02-21,cinnamon bun,3,12.75,paid
S00695,2025-02-21,sourdough loaf,1,7.50,paid
S00696,2025-02-21,apple tart,3,16.50,paid
S00697,2025-02-21,cinnamon bun,1,4.25,paid
S00698,2025-02-21,sourdough loaf,3,22.50,paid
S00699,2025-02-21,filter coffee,2,6.00,void
S00700,2025-02-21,croissant,1,3.75,paid
S00701,2025-02-21,apple tart,1,5.50,paid
S00702,2025-02-21,seed rye,2,16.50,paid
S00703,2025-02-21,filter coffee,1,3.00,paid
S00704,2025-02-21,sourdough loaf,1,7.50,paid
S00705,2025-02-21,croissant,2,7.50,paid
S00706,2025-02-22,apple tart,1,5.50,paid
S00707,2025-02-22,sourdough loaf,2,15.00,paid
S00708,2025-02-22,apple tart,3,16.50,paid
S00709,2025-02-22,sourdough loaf,2,15.00,paid
S00710,2025-02-22,apple tart,3,16.50,paid
S00711,2025-02-22,filter coffee,2,6.00,paid
S00712,2025-02-22,sourdough loaf,2,15.00,paid
S00713,2025-02-22,apple tart,1,5.50,paid
S00713,2025-02-22,apple tart,1,5.50,paid
S00714,2025-02-22,filter coffee,1,3.00,paid
S00715,2025-02-22,sourdough loaf,2,15.00,paid
S00716,2025-02-22,sourdough loaf,2,15.00,paid
S00717,2025-02-22,croissant,1,3.75,paid
S00718,2025-02-22,filter coffee,1,3.00,paid
S00719,2025-02-22,seed rye,2,16.50,paid
S00720,2025-02-22,apple tart,2,11.00,paid
S00721,2025-02-22,croissant,1,3.75,paid
S00722,2025-02-22,apple tart,3,16.50,paid
S00723,2025-02-22,sourdough loaf,2,15.00,paid
S00724,2025-02-22,sourdough loaf,1,7.50,paid
S00725,2025-02-22,seed rye,2,16.50,void
S00726,2025-02-22,sourdough loaf,3,22.50,paid
S00727,2025-02-22,filter coffee,2,6.00,paid
S00728,2025-02-22,sourdough loaf,1,7.50,paid
S00729,2025-02-22,filter coffee,1,3.00,paid
S00730,2025-02-23,cinnamon bun,1,4.25,paid
S00731,2025-02-23,croissant,3,11.25,paid
S00732,2025-02-23,cinnamon bun,1,4.25,paid
S00733,2025-02-23,seed rye,1,8.25,paid
S00734,2025-02-23,cinnamon bun,1,4.25,paid
S00735,2025-02-23,apple tart,1,5.50,paid
S00736,2025-02-23,seed rye,1,8.25,paid
S00737,2025-02-23,seed rye,3,24.75,paid
S00738,2025-02-23,sourdough loaf,3,22.50,paid
S00739,2025-02-23,filter coffee,2,6.00,paid
S00740,2025-02-23,croissant,1,3.75,paid
S00741,2025-02-23,cinnamon bun,2,8.50,refunded
S00742,2025-02-23,seed rye,1,8.25,paid
S00743,2025-02-23,sourdough loaf,1,7.50,paid
S00744,2025-02-23,seed rye,3,24.75,paid
S00745,2025-02-23,cinnamon bun,1,4.25,paid
S00746,2025-02-23,sourdough loaf,2,15.00,paid
S00747,2025-02-23,croissant,1,3.75,paid
S00748,2025-02-24,sourdough loaf,1,7.50,paid
S00749,2025-02-24,sourdough loaf,1,7.50,paid
S00750,2025-02-24,sourdough loaf,2,15.00,paid
S00751,2025-02-24,croissant,1,3.75,paid
S00752,2025-02-24,cinnamon bun,1,4.25,paid
S00753,2025-02-24,croissant,1,3.75,paid
S00754,2025-02-24,croissant,2,7.50,paid
S00755,2025-02-24,sourdough loaf,1,7.50,paid
S00756,2025-02-24,filter coffee,2,6.00,paid
S00757,2025-02-25,filter coffee,1,3.00,paid
S00758,2025-02-25,sourdough loaf,1,7.50,paid
S00759,2025-02-25,cinnamon bun,2,8.50,paid
S00760,2025-02-25,seed rye,2,16.50,paid
S00761,2025-02-25,croissant,2,7.50,paid
S00762,2025-02-25,filter coffee,3,9.00,paid
S00763,2025-02-25,cinnamon bun,3,12.75,paid
S00764,2025-02-25,cinnamon bun,1,4.25,paid
S00765,2025-02-25,apple tart,2,11.00,paid
S00766,2025-02-25,apple tart,2,11.00,paid
S00767,2025-02-25,cinnamon bun,3,12.75,paid
S00768,2025-02-26,filter coffee,3,9.00,paid
S00769,2025-02-26,croissant,1,3.75,paid
S00770,2025-02-26,sourdough loaf,3,22.50,paid
S00771,2025-02-26,cinnamon bun,2,8.50,paid
S00772,2025-02-26,croissant,1,3.75,paid
S00773,2025-02-26,croissant,1,3.75,paid
S00774,2025-02-26,seed rye,1,8.25,paid
S00775,2025-02-26,cinnamon bun,2,8.50,paid
S00776,2025-02-26,croissant,2,7.50,paid
S00777,2025-02-26,seed rye,1,8.25,paid
S00778,2025-02-26,croissant,1,3.75,paid
S00779,2025-02-27,apple tart,1,5.50,paid
S00780,2025-02-27,filter coffee,1,3.00,paid
S00781,2025-02-27,cinnamon bun,1,4.25,paid
S00782,2025-02-27,seed rye,2,16.50,paid
S00783,2025-02-27,sourdough loaf,2,15.00,paid
S00784,2025-02-27,seed rye,2,16.50,paid
S00785,2025-02-27,croissant,3,11.25,refunded
S00786,2025-02-27,cinnamon bun,3,12.75,paid
S00787,2025-02-27,croissant,3,11.25,paid
S00788,2025-02-27,apple tart,3,16.50,paid
S00789,2025-02-27,filter coffee,1,3.00,refunded
S00790,2025-02-27,apple tart,1,5.50,paid
S00791,2025-02-28,apple tart,1,5.50,paid
S00792,2025-02-28,seed rye,2,16.50,paid
S00793,2025-02-28,seed rye,1,8.25,paid
S00794,2025-02-28,apple tart,1,5.50,paid
S00795,2025-02-28,apple tart,1,5.50,paid
S00796,2025-02-28,croissant,1,3.75,paid
S00797,2025-02-28,seed rye,2,16.50,paid
S00798,2025-02-28,sourdough loaf,2,15.00,paid
S00799,2025-03-01,sourdough loaf,1,7.50,paid
S00800,2025-03-01,apple tart,1,5.50,paid
S00801,2025-03-01,croissant,2,7.50,paid
S00802,2025-03-01,filter coffee,1,3.00,paid
S00803,2025-03-01,sourdough loaf,2,15.00,paid
S00804,2025-03-01,cinnamon bun,1,4.25,paid
S00805,2025-03-01,sourdough loaf,1,7.50,paid
S00806,2025-03-01,cinnamon bun,1,4.25,paid
S00807,2025-03-01,apple tart,2,11.00,paid
S00808,2025-03-01,apple tart,2,11.00,paid
S00809,2025-03-01,sourdough loaf,3,22.50,paid
S00810,2025-03-01,cinnamon bun,3,12.75,paid
S00811,2025-03-01,croissant,3,11.25,paid
S00812,2025-03-01,cinnamon bun,3,12.75,paid
S00813,2025-03-01,cinnamon bun,3,12.75,paid
S00814,2025-03-01,cinnamon bun,2,8.50,paid
S00815,2025-03-01,sourdough loaf,1,7.50,paid
S00816,2025-03-01,filter coffee,1,3.00,paid
S00817,2025-03-01,cinnamon bun,3,12.75,paid
S00818,2025-03-01,sourdough loaf,2,15.00,paid
S00819,2025-03-01,croissant,2,7.50,paid
S00820,2025-03-01,cinnamon bun,2,8.50,paid
S00821,2025-03-01,sourdough loaf,2,15.00,paid
S00822,2025-03-01,seed rye,1,8.25,paid
S00823,2025-03-01,apple tart,1,5.50,paid
S00824,2025-03-01,apple tart,1,5.50,paid
S00825,2025-03-01,apple tart,1,5.50,paid
S00826,2025-03-01,croissant,1,3.75,paid
S00827,2025-03-01,croissant,2,7.50,void
S00828,2025-03-01,apple tart,2,11.00,paid
S00829,2025-03-02,apple tart,1,5.50,paid
S00830,2025-03-02,seed rye,1,8.25,paid
S00831,2025-03-02,apple tart,1,5.50,void
S00832,2025-03-02,cinnamon bun,3,12.75,paid
S00833,2025-03-02,seed rye,1,8.25,paid
S00834,2025-03-02,cinnamon bun,1,4.25,paid
S00835,2025-03-02,cinnamon bun,2,8.50,paid
S00836,2025-03-02,apple tart,2,11.00,paid
S00837,2025-03-02,apple tart,1,5.50,void
S00838,2025-03-02,cinnamon bun,2,8.50,paid
S00839,2025-03-02,seed rye,3,24.75,paid
S00840,2025-03-02,cinnamon bun,1,4.25,paid
S00841,2025-03-02,sourdough loaf,2,15.00,void
S00842,2025-03-02,apple tart,1,5.50,paid
S00843,2025-03-02,sourdough loaf,1,7.50,paid
S00844,2025-03-03,croissant,2,7.50,paid
S00845,2025-03-03,apple tart,3,16.50,paid
S00846,2025-03-03,cinnamon bun,3,12.75,paid
S00847,2025-03-03,seed rye,1,8.25,paid
S00848,2025-03-03,croissant,1,3.75,paid
S00849,2025-03-03,sourdough loaf,3,22.50,paid
S00850,2025-03-03,apple tart,1,5.50,paid
S00851,2025-03-03,apple tart,1,5.50,paid
S00852,2025-03-04,apple tart,2,11.00,paid
S00853,2025-03-04,cinnamon bun,1,4.25,void
S00854,2025-03-04,seed rye,1,8.25,paid
S00855,2025-03-04,seed rye,1,8.25,paid
S00856,2025-03-04,seed rye,1,8.25,paid
S00857,2025-03-04,apple tart,3,16.50,refunded
S00858,2025-03-05,croissant,1,3.75,paid
S00859,2025-03-05,cinnamon bun,2,8.50,paid
S00860,2025-03-05,sourdough loaf,1,7.50,paid
S00861,2025-03-05,seed rye,1,8.25,paid
S00862,2025-03-05,croissant,2,7.50,paid
S00863,2025-03-05,croissant,1,3.75,paid
S00864,2025-03-05,sourdough loaf,2,15.00,paid
S00865,2025-03-05,filter coffee,1,3.00,paid
S00866,2025-03-05,filter coffee,3,9.00,paid
S00867,2025-03-05,seed rye,2,16.50,paid
S00868,2025-03-05,croissant,2,7.50,paid
S00869,2025-03-05,filter coffee,2,6.00,paid
S00870,2025-03-05,seed rye,2,16.50,paid
S00871,2025-03-05,sourdough loaf,2,15.00,paid
S00872,2025-03-05,filter coffee,3,9.00,paid
S00873,2025-03-05,apple tart,2,11.00,paid
S00874,2025-03-05,filter coffee,2,6.00,paid
S00875,2025-03-06,cinnamon bun,3,12.75,paid
S00876,2025-03-06,cinnamon bun,1,4.25,paid
S00877,2025-03-06,sourdough loaf,2,15.00,paid
S00878,2025-03-06,sourdough loaf,1,7.50,paid
S00879,2025-03-06,sourdough loaf,1,7.50,paid
S00880,2025-03-06,sourdough loaf,1,7.50,paid
S00881,2025-03-06,sourdough loaf,1,7.50,paid
S00882,2025-03-06,filter coffee,1,3.00,paid
S00883,2025-03-06,cinnamon bun,1,4.25,paid
S00884,2025-03-06,sourdough loaf,1,7.50,paid
S00885,2025-03-06,filter coffee,1,3.00,paid
S00886,2025-03-06,apple tart,3,16.50,paid
S00887,2025-03-06,sourdough loaf,1,7.50,paid
S00888,2025-03-06,sourdough loaf,2,15.00,paid
S00889,2025-03-07,croissant,1,3.75,paid
S00890,2025-03-07,filter coffee,1,3.00,paid
S00891,2025-03-07,croissant,1,3.75,paid
S00892,2025-03-07,filter coffee,2,6.00,paid
S00893,2025-03-07,seed rye,1,8.25,paid
S00894,2025-03-07,filter coffee,2,6.00,paid
S00895,2025-03-07,croissant,2,7.50,paid
S00896,2025-03-07,apple tart,2,11.00,paid
S00897,2025-03-07,croissant,2,7.50,paid
S00898,2025-03-07,seed rye,2,16.50,paid
S00899,2025-03-07,croissant,3,11.25,paid
S00900,2025-03-07,cinnamon bun,3,12.75,paid
S00901,2025-03-07,seed rye,2,16.50,refunded
S00902,2025-03-07,sourdough loaf,1,7.50,paid
S00903,2025-03-08,sourdough loaf,1,7.50,paid
S00904,2025-03-08,seed rye,2,16.50,paid
S00905,2025-03-08,apple tart,1,5.50,paid
S00906,2025-03-08,apple tart,1,5.50,paid
S00907,2025-03-08,seed rye,2,16.50,paid
S00908,2025-03-08,apple tart,1,5.50,paid
S00909,2025-03-08,apple tart,1,5.50,paid
S00910,2025-03-08,apple tart,3,16.50,paid
S00911,2025-03-08,cinnamon bun,2,8.50,paid
S00912,2025-03-08,sourdough loaf,1,7.50,paid
S00913,2025-03-08,cinnamon bun,2,8.50,paid
S00914,2025-03-08,croissant,2,7.50,paid
S00915,2025-03-08,croissant,1,3.75,paid
S00916,2025-03-08,cinnamon bun,1,4.25,paid
S00917,2025-03-08,sourdough loaf,2,15.00,paid
S00918,2025-03-08,croissant,3,11.25,paid
S00919,2025-03-08,croissant,2,7.50,paid
S00920,2025-03-09,croissant,2,7.50,paid
S00921,2025-03-09,filter coffee,2,6.00,paid
S00922,2025-03-09,sourdough loaf,1,7.50,paid
S00923,2025-03-09,croissant,1,3.75,paid
S00924,2025-03-09,filter coffee,3,9.00,paid
S00925,2025-03-09,filter coffee,3,9.00,paid
S00926,2025-03-09,croissant,2,7.50,paid
S00927,2025-03-09,seed rye,1,8.25,paid
S00928,2025-03-09,apple tart,1,5.50,paid
S00929,2025-03-09,sourdough loaf,1,7.50,paid
S00930,2025-03-09,filter coffee,1,3.00,refunded
S00931,2025-03-09,filter coffee,1,3.00,paid
S00932,2025-03-09,croissant,1,3.75,paid
S00933,2025-03-09,seed rye,3,24.75,paid
S00934,2025-03-09,apple tart,1,5.50,paid
S00935,2025-03-09,apple tart,1,5.50,paid
S00936,2025-03-09,sourdough loaf,1,7.50,void
S00937,2025-03-09,apple tart,1,5.50,paid
S00938,2025-03-09,croissant,1,3.75,paid
S00939,2025-03-09,croissant,1,3.75,paid
S00940,2025-03-10,sourdough loaf,1,7.50,paid
S00941,2025-03-10,cinnamon bun,1,4.25,paid
S00942,2025-03-10,filter coffee,1,3.00,paid
S00943,2025-03-10,seed rye,1,8.25,paid
S00944,2025-03-10,sourdough loaf,1,7.50,paid
S00945,2025-03-10,sourdough loaf,2,15.00,paid
S00946,2025-03-10,filter coffee,1,3.00,paid
S00947,2025-03-11,seed rye,1,8.25,paid
S00948,2025-03-11,apple tart,1,5.50,paid
S00949,2025-03-11,apple tart,3,16.50,paid
S00950,2025-03-11,cinnamon bun,3,12.75,paid
S00951,2025-03-11,apple tart,2,11.00,paid
S00952,2025-03-11,cinnamon bun,1,4.25,paid
S00953,2025-03-11,filter coffee,3,9.00,paid
S00954,2025-03-11,croissant,1,3.75,paid
S00955,2025-03-11,croissant,1,3.75,paid
S00956,2025-03-11,seed rye,2,16.50,paid
S00957,2025-03-11,sourdough loaf,3,22.50,paid
S00958,2025-03-12,cinnamon bun,1,4.25,paid
S00959,2025-03-12,apple tart,1,5.50,paid
S00960,2025-03-12,croissant,1,3.75,paid
S00961,2025-03-12,croissant,3,11.25,paid
S00962,2025-03-12,apple tart,1,5.50,paid
S00963,2025-03-12,seed rye,1,8.25,paid
S00964,2025-03-12,filter coffee,3,9.00,paid
S00965,2025-03-12,croissant,2,7.50,paid
S00966,2025-03-12,croissant,2,7.50,paid
S00967,2025-03-12,apple tart,2,11.00,paid
S00968,2025-03-12,apple tart,2,11.00,paid
S00969,2025-03-12,seed rye,2,16.50,paid
S00970,2025-03-13,cinnamon bun,2,8.50,paid
S00971,2025-03-13,apple tart,1,5.50,paid
S00972,2025-03-13,croissant,2,7.50,paid
S00973,2025-03-13,cinnamon bun,2,8.50,paid
S00974,2025-03-13,seed rye,3,24.75,paid
S00975,2025-03-13,filter coffee,1,3.00,paid
S00976,2025-03-13,croissant,1,3.75,paid
S00977,2025-03-13,filter coffee,2,6.00,paid
S00978,2025-03-13,apple tart,1,5.50,paid
S00979,2025-03-13,sourdough loaf,1,7.50,paid
S00980,2025-03-13,cinnamon bun,2,8.50,paid
S00981,2025-03-14,sourdough loaf,2,15.00,paid
S00982,2025-03-14,cinnamon bun,1,4.25,paid
S00983,2025-03-14,seed rye,3,24.75,paid
S00984,2025-03-14,croissant,1,3.75,paid
S00985,2025-03-14,seed rye,1,8.25,paid
S00986,2025-03-14,croissant,1,3.75,paid
S00987,2025-03-14,croissant,1,3.75,paid
S00988,2025-03-14,cinnamon bun,2,8.50,paid
S00989,2025-03-14,cinnamon bun,1,4.25,paid
S00990,2025-03-14,apple tart,2,11.00,paid
S00991,2025-03-14,filter coffee,2,6.00,refunded
S00992,2025-03-14,apple tart,2,11.00,paid
S00993,2025-03-14,apple tart,1,5.50,paid
S00994,2025-03-15,filter coffee,2,6.00,paid
S00995,2025-03-15,apple tart,1,5.50,paid
S00996,2025-03-15,seed rye,1,8.25,paid
S00997,2025-03-15,seed rye,2,16.50,paid
S00998,2025-03-15,sourdough loaf,1,7.50,paid
S00999,2025-03-15,sourdough loaf,1,7.50,paid
S01000,2025-03-15,sourdough loaf,1,7.50,void
S01001,2025-03-15,cinnamon bun,1,4.25,paid
S01002,2025-03-15,apple tart,1,5.50,paid
S01003,2025-03-15,apple tart,1,5.50,paid
S01004,2025-03-15,apple tart,1,5.50,paid
S01005,2025-03-15,seed rye,1,8.25,paid
S01006,2025-03-15,apple tart,2,11.00,paid
S01007,2025-03-15,croissant,2,7.50,void
S01008,2025-03-15,apple tart,2,11.00,paid
S01009,2025-03-15,filter coffee,2,6.00,paid
S01010,2025-03-15,sourdough loaf,2,15.00,paid
S01011,2025-03-15,croissant,1,3.75,paid
S01012,2025-03-15,sourdough loaf,1,7.50,paid
S01013,2025-03-15,filter coffee,2,6.00,paid
S01014,2025-03-15,seed rye,1,8.25,paid
S01015,2025-03-16,apple tart,1,5.50,paid
S01016,2025-03-16,croissant,2,7.50,paid
S01017,2025-03-16,sourdough loaf,3,22.50,paid
S01018,2025-03-16,filter coffee,2,6.00,paid
S01019,2025-03-16,filter coffee,2,6.00,paid
S01020,2025-03-16,seed rye,1,8.25,paid
S01021,2025-03-16,filter coffee,1,3.00,paid
S01022,2025-03-16,apple tart,3,16.50,paid
S01023,2025-03-16,apple tart,2,11.00,paid
S01024,2025-03-16,seed rye,1,8.25,paid
S01025,2025-03-16,sourdough loaf,1,7.50,paid
S01026,2025-03-16,seed rye,1,8.25,paid
S01027,2025-03-16,croissant,2,7.50,paid
S01028,2025-03-16,croissant,1,3.75,paid
S01029,2025-03-16,filter coffee,2,6.00,paid
S01030,2025-03-16,croissant,2,7.50,paid
S01031,2025-03-16,filter coffee,2,6.00,paid
S01032,2025-03-16,croissant,2,7.50,paid
S01033,2025-03-16,sourdough loaf,1,7.50,void
S01034,2025-03-16,apple tart,2,11.00,paid
S01035,2025-03-17,apple tart,3,16.50,paid
S01036,2025-03-17,sourdough loaf,2,15.00,paid
S01037,2025-03-17,cinnamon bun,2,8.50,paid
S01038,2025-03-17,sourdough loaf,1,7.50,paid
S01039,2025-03-17,filter coffee,1,3.00,paid
S01040,2025-03-17,apple tart,2,11.00,paid
S01041,2025-03-18,sourdough loaf,1,7.50,paid
S01042,2025-03-18,seed rye,2,16.50,paid
S01043,2025-03-18,apple tart,2,11.00,paid
S01044,2025-03-18,cinnamon bun,1,4.25,paid
S01045,2025-03-18,sourdough loaf,2,15.00,paid
S01046,2025-03-18,seed rye,1,8.25,paid
S01047,2025-03-18,sourdough loaf,1,7.50,paid
S01048,2025-03-18,croissant,1,3.75,paid
S01049,2025-03-18,filter coffee,3,9.00,paid
S01050,2025-03-18,seed rye,2,16.50,paid
S01051,2025-03-18,sourdough loaf,1,7.50,paid
S01052,2025-03-18,apple tart,3,16.50,paid
S01053,2025-03-18,cinnamon bun,3,12.75,paid
S01054,2025-03-18,sourdough loaf,1,7.50,paid
S01055,2025-03-19,filter coffee,1,3.00,paid
S01056,2025-03-19,filter coffee,2,6.00,paid
S01057,2025-03-19,apple tart,2,11.00,paid
S01058,2025-03-19,seed rye,1,8.25,paid
S01059,2025-03-19,cinnamon bun,1,4.25,paid
S01060,2025-03-19,apple tart,1,5.50,paid
S01061,2025-03-19,sourdough loaf,2,15.00,paid
S01062,2025-03-19,croissant,2,7.50,paid
S01063,2025-03-19,sourdough loaf,2,15.00,paid
S01064,2025-03-19,filter coffee,2,6.00,paid
S01065,2025-03-19,apple tart,1,5.50,paid
S01066,2025-03-19,sourdough loaf,1,7.50,paid
S01067,2025-03-19,cinnamon bun,3,12.75,paid
S01068,2025-03-19,seed rye,1,8.25,paid
S01069,2025-03-20,croissant,1,3.75,paid
S01070,2025-03-20,cinnamon bun,1,4.25,paid
S01071,2025-03-20,croissant,2,7.50,paid
S01072,2025-03-20,croissant,1,3.75,void
S01073,2025-03-20,sourdough loaf,1,7.50,paid
S01074,2025-03-20,croissant,2,7.50,paid
S01075,2025-03-20,sourdough loaf,1,7.50,paid
S01076,2025-03-20,croissant,2,7.50,paid
S01077,2025-03-20,apple tart,3,16.50,paid
S01078,2025-03-20,filter coffee,1,3.00,refunded
S01079,2025-03-20,sourdough loaf,1,7.50,paid
S01080,2025-03-20,cinnamon bun,1,4.25,paid
S01081,2025-03-20,croissant,2,7.50,paid
S01082,2025-03-21,croissant,2,7.50,paid
S01083,2025-03-21,croissant,1,3.75,void
S01084,2025-03-21,sourdough loaf,2,15.00,paid
S01085,2025-03-21,sourdough loaf,1,7.50,refunded
S01086,2025-03-21,sourdough loaf,2,15.00,paid
S01087,2025-03-21,cinnamon bun,1,4.25,void
S01088,2025-03-21,sourdough loaf,2,15.00,paid
S01089,2025-03-21,seed rye,1,8.25,paid
S01090,2025-03-21,filter coffee,1,3.00,paid
S01091,2025-03-21,apple tart,1,5.50,paid
S01092,2025-03-21,cinnamon bun,1,4.25,paid
S01093,2025-03-21,apple tart,3,16.50,paid
S01094,2025-03-22,filter coffee,2,6.00,paid
S01095,2025-03-22,sourdough loaf,1,7.50,paid
S01096,2025-03-22,croissant,2,7.50,paid
S01097,2025-03-22,filter coffee,1,3.00,paid
S01098,2025-03-22,sourdough loaf,1,7.50,paid
S01099,2025-03-22,sourdough loaf,2,15.00,paid
S01100,2025-03-22,cinnamon bun,1,4.25,paid
S01101,2025-03-22,sourdough loaf,1,7.50,paid
S01102,2025-03-22,sourdough loaf,1,7.50,paid
S01103,2025-03-22,apple tart,2,11.00,refunded
S01104,2025-03-22,sourdough loaf,2,15.00,paid
S01105,2025-03-22,seed rye,2,16.50,paid
S01106,2025-03-22,filter coffee,2,6.00,paid
S01107,2025-03-22,cinnamon bun,1,4.25,paid
S01108,2025-03-22,sourdough loaf,2,15.00,paid
S01109,2025-03-22,cinnamon bun,3,12.75,paid
S01110,2025-03-22,seed rye,2,16.50,paid
S01111,2025-03-22,filter coffee,2,6.00,paid
S01112,2025-03-22,cinnamon bun,3,12.75,paid
S01113,2025-03-22,croissant,1,3.75,paid
S01114,2025-03-22,apple tart,1,5.50,paid
S01115,2025-03-22,apple tart,3,16.50,paid
S01116,2025-03-23,sourdough loaf,1,7.50,paid
S01117,2025-03-23,filter coffee,1,3.00,paid
S01118,2025-03-23,seed rye,1,8.25,paid
S01119,2025-03-23,sourdough loaf,2,15.00,paid
S01120,2025-03-23,sourdough loaf,1,7.50,paid
S01121,2025-03-23,sourdough loaf,2,15.00,paid
S01122,23/03/2025,croissant,1,3.75,paid
S01123,2025-03-23,cinnamon bun,1,4.25,paid
S01124,2025-03-23,cinnamon bun,1,4.25,paid
S01125,2025-03-23,apple tart,2,11.00,paid
S01126,2025-03-23,seed rye,1,8.25,paid
S01127,2025-03-23,sourdough loaf,1,7.50,paid
S01128,2025-03-23,cinnamon bun,3,12.75,paid
S01129,2025-03-23,cinnamon bun,2,8.50,paid
S01130,2025-03-23,sourdough loaf,3,22.50,paid
S01131,2025-03-23,filter coffee,3,9.00,paid
S01132,2025-03-23,filter coffee,3,9.00,paid
S01133,2025-03-24,filter coffee,1,3.00,paid
S01134,2025-03-24,croissant,3,11.25,paid
S01135,2025-03-24,sourdough loaf,2,15.00,paid
S01136,2025-03-24,filter coffee,1,3.00,paid
S01137,2025-03-24,croissant,1,3.75,paid
S01138,2025-03-24,filter coffee,3,9.00,paid
S01139,2025-03-24,apple tart,1,5.50,paid
S01140,2025-03-24,filter coffee,1,3.00,paid
S01141,2025-03-25,seed rye,1,8.25,paid
S01142,2025-03-25,apple tart,1,5.50,paid
S01143,2025-03-25,croissant,2,7.50,paid
S01144,2025-03-25,apple tart,3,16.50,paid
S01145,2025-03-25,croissant,2,7.50,paid
S01146,2025-03-25,filter coffee,1,3.00,paid
S01147,2025-03-25,apple tart,2,11.00,paid
S01148,2025-03-25,apple tart,1,5.50,paid
S01149,2025-03-25,cinnamon bun,1,4.25,paid
S01150,2025-03-25,filter coffee,2,6.00,paid
S01151,2025-03-26,croissant,1,3.75,paid
S01152,2025-03-26,sourdough loaf,1,7.50,paid
S01153,2025-03-26,croissant,2,7.50,paid
S01154,2025-03-26,apple tart,2,11.00,paid
S01155,2025-03-26,apple tart,2,11.00,paid
S01156,2025-03-26,croissant,2,7.50,paid
S01157,2025-03-26,cinnamon bun,1,4.25,paid
S01158,2025-03-26,croissant,1,3.75,void
S01159,2025-03-26,sourdough loaf,2,15.00,paid
S01160,2025-03-26,filter coffee,3,9.00,paid
S01161,2025-03-26,croissant,2,7.50,paid
S01162,2025-03-27,filter coffee,2,6.00,paid
S01163,2025-03-27,sourdough loaf,2,15.00,paid
S01164,2025-03-27,apple tart,1,5.50,paid
S01165,2025-03-27,croissant,2,7.50,void
S01166,2025-03-27,sourdough loaf,3,22.50,paid
S01167,2025-03-27,filter coffee,3,9.00,paid
S01168,2025-03-27,croissant,3,11.25,paid
S01169,2025-03-27,cinnamon bun,1,4.25,paid
S01170,2025-03-27,cinnamon bun,1,4.25,paid
S01171,2025-03-27,seed rye,2,16.50,paid
S01172,2025-03-27,apple tart,3,16.50,paid
S01173,2025-03-27,apple tart,1,5.50,paid
S01174,2025-03-27,cinnamon bun,1,4.25,paid
S01175,2025-03-28,croissant,1,3.75,paid
S01176,2025-03-28,cinnamon bun,1,4.25,paid
S01177,2025-03-28,apple tart,1,5.50,paid
S01178,2025-03-28,filter coffee,2,6.00,paid
S01179,2025-03-28,sourdough loaf,1,7.50,paid
S01180,2025-03-28,croissant,1,3.75,paid
S01181,2025-03-28,apple tart,1,5.50,paid
S01182,2025-03-28,croissant,1,3.75,paid
S01183,2025-03-28,croissant,2,7.50,paid
S01184,2025-03-28,seed rye,1,8.25,paid
S01185,2025-03-28,filter coffee,1,3.00,paid
S01186,2025-03-28,cinnamon bun,1,4.25,refunded
S01187,2025-03-28,sourdough loaf,3,22.50,paid
S01188,2025-03-28,sourdough loaf,1,7.50,refunded
S01189,2025-03-28,cinnamon bun,1,4.25,paid
S01190,2025-03-28,apple tart,2,11.00,paid
S01191,2025-03-28,seed rye,1,8.25,paid
S01192,2025-03-29,seed rye,2,16.50,paid
S01193,2025-03-29,seed rye,3,24.75,paid
S01194,2025-03-29,filter coffee,2,6.00,paid
S01195,2025-03-29,filter coffee,2,6.00,paid
S01196,2025-03-29,apple tart,1,5.50,paid
S01197,2025-03-29,cinnamon bun,1,4.25,paid
S01198,2025-03-29,apple tart,1,5.50,paid
S01199,2025-03-29,apple tart,1,5.50,paid
S01200,2025-03-29,seed rye,2,16.50,paid
S01201,2025-03-29,cinnamon bun,1,4.25,paid
S01202,2025-03-29,seed rye,2,16.50,paid
S01203,2025-03-29,cinnamon bun,1,4.25,paid
S01204,2025-03-29,filter coffee,2,6.00,paid
S01205,2025-03-29,filter coffee,1,3.00,paid
S01206,2025-03-29,filter coffee,2,6.00,paid
S01207,2025-03-29,sourdough loaf,3,22.50,paid
S01208,2025-03-29,apple tart,2,11.00,paid
S01209,2025-03-29,apple tart,1,5.50,paid
S01210,2025-03-29,seed rye,1,8.25,paid
S01211,2025-03-29,seed rye,2,16.50,paid
S01212,2025-03-30,sourdough loaf,1,7.50,paid
S01213,2025-03-30,cinnamon bun,1,4.25,paid
S01214,2025-03-30,cinnamon bun,2,8.50,paid
S01215,2025-03-30,apple tart,1,5.50,paid
S01216,2025-03-30,filter coffee,2,6.00,paid
S01217,2025-03-30,cinnamon bun,1,4.25,paid
S01218,2025-03-30,croissant,1,3.75,paid
S01219,2025-03-30,seed rye,2,16.50,paid
S01220,2025-03-30,apple tart,2,11.00,paid
S01221,2025-03-30,sourdough loaf,2,15.00,paid
S01222,2025-03-30,filter coffee,2,6.00,paid
S01223,2025-03-30,apple tart,1,5.50,paid
S01224,2025-03-30,seed rye,1,8.25,paid
S01225,2025-03-30,seed rye,1,8.25,paid
S01226,2025-03-30,seed rye,1,8.25,paid
S01227,2025-03-30,croissant,1,3.75,paid
S01228,2025-03-30,croissant,2,7.50,paid
S01229,2025-03-30,cinnamon bun,2,8.50,paid
S01230,2025-03-30,sourdough loaf,2,15.00,paid
S01231,2025-03-30,cinnamon bun,3,12.75,paid
S01232,2025-03-30,cinnamon bun,3,12.75,paid
S01233,2025-03-31,apple tart,1,5.50,void
S01234,2025-03-31,apple tart,2,11.00,paid
S01235,2025-03-31,cinnamon bun,2,8.50,paid
S01236,2025-03-31,cinnamon bun,3,12.75,paid
S01237,2025-03-31,apple tart,3,16.50,paid
S01238,2025-03-31,seed rye,1,8.25,paid
S01239,2025-03-31,seed rye,1,8.25,paid
S01240,2025-04-01,cinnamon bun,2,8.50,paid
S01241,2025-04-01,seed rye,3,24.75,paid
S01242,2025-04-01,croissant,1,3.75,paid
S01243,2025-04-01,cinnamon bun,1,4.25,paid
S01244,2025-04-01,seed rye,1,8.25,paid
S01245,2025-04-01,croissant,1,3.75,paid
S01246,2025-04-01,seed rye,2,16.50,paid
S01247,2025-04-01,croissant,1,3.75,paid
S01248,2025-04-01,apple tart,1,5.50,paid
S01249,2025-04-01,seed rye,3,24.75,paid
S01250,2025-04-01,croissant,1,3.75,paid
S01251,2025-04-02,cinnamon bun,1,4.25,paid
S01252,2025-04-02,sourdough loaf,2,15.00,paid
S01253,2025-04-02,seed rye,1,8.25,paid
S01254,2025-04-02,sourdough loaf,1,7.50,paid
S01255,2025-04-02,cinnamon bun,1,4.25,paid
S01256,2025-04-02,cinnamon bun,1,4.25,paid
S01257,2025-04-02,sourdough loaf,1,7.50,paid
S01258,2025-04-02,sourdough loaf,1,7.50,paid
S01259,2025-04-03,filter coffee,1,3.00,paid
S01260,2025-04-03,apple tart,1,5.50,paid
S01261,2025-04-03,cinnamon bun,2,8.50,paid
S01262,2025-04-03,croissant,1,3.75,paid
S01263,2025-04-03,apple tart,1,5.50,paid
S01264,2025-04-03,croissant,2,7.50,paid
S01265,2025-04-03,apple tart,2,11.00,paid
S01266,2025-04-03,croissant,3,11.25,paid
S01267,2025-04-04,sourdough loaf,1,7.50,paid
S01268,2025-04-04,seed rye,3,24.75,paid
S01269,2025-04-04,apple tart,3,16.50,paid
S01270,2025-04-04,apple tart,2,11.00,paid
S01271,2025-04-04,sourdough loaf,2,15.00,paid
S01272,2025-04-04,filter coffee,3,9.00,paid
S01273,2025-04-04,filter coffee,2,6.00,paid
S01274,2025-04-04,apple tart,1,5.50,paid
S01275,2025-04-04,croissant,2,7.50,paid
S01276,2025-04-04,croissant,1,3.75,paid
S01277,2025-04-04,seed rye,2,16.50,paid
S01278,2025-04-04,cinnamon bun,3,12.75,paid
S01279,2025-04-04,cinnamon bun,2,8.50,paid
S01280,2025-04-04,seed rye,1,8.25,paid
S01281,2025-04-05,seed rye,1,8.25,paid
S01282,2025-04-05,sourdough loaf,1,7.50,paid
S01283,2025-04-05,sourdough loaf,2,15.00,paid
S01284,2025-04-05,cinnamon bun,1,4.25,paid
S01285,2025-04-05,seed rye,1,8.25,refunded
S01286,2025-04-05,cinnamon bun,3,12.75,paid
S01287,2025-04-05,filter coffee,2,6.00,paid
S01288,2025-04-05,cinnamon bun,1,4.25,paid
S01289,2025-04-05,seed rye,3,24.75,paid
S01290,2025-04-05,cinnamon bun,1,4.25,paid
S01291,2025-04-05,filter coffee,2,6.00,paid
S01292,2025-04-05,cinnamon bun,2,8.50,paid
S01293,2025-04-05,cinnamon bun,2,8.50,paid
S01294,2025-04-05,sourdough loaf,2,15.00,paid
S01295,2025-04-05,filter coffee,1,3.00,paid
S01296,2025-04-05,sourdough loaf,3,22.50,paid
S01297,2025-04-05,seed rye,3,24.75,paid
S01298,2025-04-05,seed rye,1,8.25,paid
S01299,2025-04-05,sourdough loaf,2,15.00,paid
S01300,2025-04-05,croissant,1,3.75,paid
S01301,2025-04-05,filter coffee,1,3.00,paid
S01302,2025-04-06,filter coffee,1,3.00,paid
S01303,2025-04-06,filter coffee,1,3.00,paid
S01304,2025-04-06,sourdough loaf,2,15.00,paid
S01305,2025-04-06,croissant,2,7.50,paid
S01306,2025-04-06,sourdough loaf,2,15.00,void
S01307,2025-04-06,apple tart,3,16.50,paid
S01308,2025-04-06,seed rye,2,16.50,paid
S01309,2025-04-06,cinnamon bun,1,4.25,paid
S01310,2025-04-06,apple tart,3,16.50,paid
S01311,2025-04-06,croissant,1,3.75,void
S01312,2025-04-06,cinnamon bun,2,8.50,paid
S01313,2025-04-06,cinnamon bun,1,,paid
S01314,2025-04-06,seed rye,1,8.25,paid
S01315,2025-04-06,sourdough loaf,1,7.50,paid
S01316,2025-04-06,filter coffee,1,3.00,void
S01317,2025-04-06,apple tart,2,11.00,paid
S01318,2025-04-06,apple tart,2,11.00,paid
S01319,2025-04-06,sourdough loaf,1,7.50,paid
S01320,2025-04-06,filter coffee,1,3.00,paid
S01321,2025-04-06,sourdough loaf,1,7.50,paid
S01322,2025-04-06,apple tart,2,11.00,refunded
S01323,2025-04-06,seed rye,1,8.25,paid
S01324,2025-04-06,seed rye,2,16.50,paid
S01325,2025-04-06,sourdough loaf,1,7.50,paid
S01326,2025-04-06,filter coffee,1,3.00,paid
S01327,2025-04-07,sourdough loaf,1,7.50,paid
S01328,2025-04-07,croissant,1,3.75,paid
S01329,2025-04-07,seed rye,2,16.50,paid
S01330,2025-04-07,sourdough loaf,3,22.50,paid
S01331,2025-04-07,croissant,2,7.50,paid
S01332,2025-04-07,cinnamon bun,1,4.25,paid
S01333,2025-04-07,filter coffee,1,3.00,refunded
S01334,2025-04-07,croissant,2,7.50,paid
S01335,2025-04-08,seed rye,1,8.25,paid
S01336,2025-04-08,sourdough loaf,1,7.50,void
S01337,2025-04-08,croissant,2,7.50,paid
S01338,2025-04-08,filter coffee,1,3.00,paid
S01339,2025-04-08,cinnamon bun,1,4.25,paid
S01340,2025-04-08,seed rye,2,16.50,paid
S01341,2025-04-08,apple tart,1,5.50,paid
S01342,2025-04-08,filter coffee,2,,void
S01343,2025-04-08,croissant,3,11.25,paid
S01344,2025-04-08,croissant,2,7.50,paid
S01345,2025-04-08,croissant,2,7.50,paid
S01346,2025-04-08,filter coffee,1,3.00,paid
S01347,2025-04-08,croissant,1,3.75,paid
S01348,2025-04-09,apple tart,3,16.50,paid
S01349,2025-04-09,croissant,2,7.50,paid
S01350,2025-04-09,sourdough loaf,2,15.00,paid
S01351,2025-04-09,croissant,1,3.75,paid
S01352,2025-04-09,seed rye,2,16.50,paid
S01353,2025-04-09,filter coffee,2,6.00,refunded
S01354,2025-04-09,seed rye,2,16.50,void
S01355,2025-04-09,apple tart,3,16.50,paid
S01356,2025-04-09,croissant,2,7.50,paid
S01357,2025-04-09,apple tart,3,16.50,paid
S01358,2025-04-09,cinnamon bun,2,8.50,paid
S01359,2025-04-09,sourdough loaf,2,15.00,paid
S01360,2025-04-09,cinnamon bun,1,4.25,paid
S01361,2025-04-10,filter coffee,1,3.00,paid
S01362,2025-04-10,filter coffee,1,3.00,paid
S01363,2025-04-10,cinnamon bun,1,4.25,paid
S01364,2025-04-10,croissant,1,3.75,paid
S01365,2025-04-10,seed rye,2,16.50,paid
S01366,2025-04-10,croissant,1,3.75,paid
S01367,2025-04-10,seed rye,1,8.25,paid
S01368,2025-04-10,filter coffee,2,6.00,paid
S01369,2025-04-10,cinnamon bun,1,4.25,paid
S01370,2025-04-10,sourdough loaf,2,15.00,paid
S01371,2025-04-10,sourdough loaf,1,7.50,paid
S01372,2025-04-10,cinnamon bun,1,4.25,paid
S01373,2025-04-10,apple tart,1,5.50,paid
S01374,2025-04-10,filter coffee,1,3.00,paid
S01375,2025-04-11,sourdough loaf,1,7.50,paid
S01376,2025-04-11,croissant,3,11.25,paid
S01377,2025-04-11,filter coffee,1,3.00,paid
S01378,2025-04-11,sourdough loaf,1,7.50,void
S01379,2025-04-11,cinnamon bun,3,12.75,paid
S01380,2025-04-11,croissant,2,7.50,paid
S01381,2025-04-11,croissant,1,3.75,paid
S01382,2025-04-11,filter coffee,1,3.00,paid
S01383,2025-04-11,apple tart,1,5.50,paid
S01384,2025-04-11,filter coffee,2,6.00,paid
S01385,2025-04-11,seed rye,2,16.50,paid
S01386,2025-04-12,cinnamon bun,3,12.75,paid
S01387,2025-04-12,seed rye,3,24.75,paid
S01388,2025-04-12,apple tart,2,11.00,refunded
S01389,2025-04-12,apple tart,1,5.50,paid
S01390,2025-04-12,sourdough loaf,1,7.50,void
S01391,2025-04-12,sourdough loaf,1,7.50,paid
S01392,2025-04-12,sourdough loaf,1,7.50,paid
S01393,2025-04-12,sourdough loaf,1,7.50,paid
S01394,2025-04-12,cinnamon bun,3,12.75,paid
S01395,2025-04-12,seed rye,1,8.25,paid
S01396,2025-04-12,filter coffee,2,6.00,paid
S01397,2025-04-12,cinnamon bun,2,8.50,paid
S01398,2025-04-12,cinnamon bun,2,8.50,paid
S01399,2025-04-12,cinnamon bun,1,4.25,paid
S01400,2025-04-12,filter coffee,1,3.00,paid
S01401,2025-04-12,cinnamon bun,1,4.25,paid
S01402,2025-04-12,apple tart,1,5.50,paid
S01403,2025-04-12,cinnamon bun,1,4.25,paid
S01404,2025-04-12,croissant,2,7.50,paid
S01405,2025-04-12,filter coffee,2,6.00,paid
S01406,2025-04-12,sourdough loaf,2,15.00,paid
S01407,2025-04-12,croissant,1,3.75,paid
S01408,2025-04-13,sourdough loaf,1,7.50,paid
S01409,2025-04-13,sourdough loaf,2,15.00,paid
S01410,2025-04-13,sourdough loaf,3,22.50,paid
S01411,2025-04-13,apple tart,1,5.50,paid
S01412,2025-04-13,croissant,2,,paid
S01413,2025-04-13,seed rye,2,16.50,paid
S01414,2025-04-13,cinnamon bun,1,4.25,paid
S01415,2025-04-13,croissant,1,3.75,paid
S01416,2025-04-13,cinnamon bun,2,8.50,void
S01417,2025-04-13,seed rye,3,24.75,paid
S01418,2025-04-13,apple tart,1,5.50,paid
S01419,2025-04-13,croissant,1,3.75,paid
S01420,2025-04-13,cinnamon bun,2,8.50,void
S01421,2025-04-13,sourdough loaf,1,7.50,paid
S01422,2025-04-13,apple tart,2,11.00,paid
S01423,2025-04-13,sourdough loaf,3,22.50,paid
S01424,2025-04-13,seed rye,3,24.75,paid
S01425,2025-04-13,apple tart,1,5.50,paid
S01426,2025-04-13,cinnamon bun,1,4.25,paid
S01427,2025-04-13,croissant,2,7.50,void
S01428,2025-04-14,croissant,1,3.75,paid
S01429,2025-04-14,seed rye,3,24.75,paid
S01430,2025-04-14,sourdough loaf,1,7.50,paid
S01431,2025-04-14,croissant,3,11.25,paid
S01432,2025-04-14,cinnamon bun,1,4.25,paid
S01433,2025-04-14,seed rye,2,16.50,paid
S01434,2025-04-15,apple tart,2,11.00,paid
S01435,2025-04-15,filter coffee,2,6.00,paid
S01436,2025-04-15,seed rye,1,8.25,paid
S01437,2025-04-15,seed rye,1,8.25,paid
S01438,2025-04-15,sourdough loaf,1,7.50,paid
S01439,2025-04-15,seed rye,1,8.25,paid
S01440,2025-04-15,croissant,1,3.75,paid
S01441,2025-04-15,apple tart,3,16.50,paid
S01442,2025-04-15,apple tart,1,5.50,paid
S01443,2025-04-15,cinnamon bun,3,12.75,paid
S01444,2025-04-15,sourdough loaf,2,15.00,paid
S01445,2025-04-15,seed rye,1,8.25,paid
S01446,2025-04-15,seed rye,2,16.50,paid
S01447,2025-04-15,croissant,3,11.25,paid
S01448,2025-04-16,filter coffee,1,3.00,paid
S01449,2025-04-16,seed rye,1,8.25,paid
S01450,2025-04-16,cinnamon bun,1,4.25,paid
S01451,2025-04-16,cinnamon bun,2,8.50,paid
S01452,2025-04-16,filter coffee,2,6.00,paid
S01453,2025-04-16,cinnamon bun,3,12.75,paid
S01454,2025-04-16,filter coffee,1,3.00,paid
S01455,2025-04-17,croissant,1,3.75,paid
S01456,2025-04-17,sourdough loaf,1,7.50,paid
S01457,2025-04-17,filter coffee,3,9.00,paid
S01458,2025-04-17,apple tart,1,5.50,paid
S01459,2025-04-17,cinnamon bun,2,8.50,void
S01460,2025-04-17,seed rye,1,8.25,refunded
S01461,2025-04-17,filter coffee,1,3.00,paid
S01462,2025-04-17,cinnamon bun,2,8.50,paid
S01463,2025-04-17,filter coffee,1,3.00,paid
S01464,2025-04-17,cinnamon bun,2,8.50,paid
S01465,2025-04-17,croissant,2,7.50,paid
S01466,2025-04-17,apple tart,1,5.50,paid
S01467,2025-04-17,croissant,3,11.25,paid
S01468,2025-04-18,cinnamon bun,1,4.25,paid
S01469,2025-04-18,sourdough loaf,2,15.00,paid
S01470,2025-04-18,cinnamon bun,1,4.25,paid
S01471,2025-04-18,filter coffee,2,6.00,paid
S01472,2025-04-18,croissant,2,7.50,paid
S01473,2025-04-18,seed rye,1,8.25,void
S01474,2025-04-18,filter coffee,1,3.00,paid
S01475,2025-04-18,sourdough loaf,2,15.00,paid
S01476,2025-04-18,apple tart,2,11.00,paid
S01477,2025-04-18,apple tart,1,5.50,paid
S01478,2025-04-18,seed rye,1,8.25,paid
S01479,2025-04-18,cinnamon bun,2,8.50,paid
S01480,2025-04-18,filter coffee,2,6.00,paid
S01481,2025-04-18,croissant,1,3.75,void
S01482,2025-04-18,croissant,1,3.75,paid
S01483,2025-04-18,apple tart,2,11.00,paid
S01484,2025-04-18,sourdough loaf,2,15.00,paid
S01485,2025-04-18,apple tart,2,11.00,paid
S01486,2025-04-18,sourdough loaf,2,15.00,paid
S01487,2025-04-18,croissant,1,3.75,paid
S01488,2025-04-18,croissant,1,3.75,paid
S01489,2025-04-19,filter coffee,1,3.00,paid
S01490,2025-04-19,cinnamon bun,3,12.75,paid
S01491,2025-04-19,seed rye,1,8.25,refunded
S01492,2025-04-19,croissant,1,3.75,paid
S01493,2025-04-19,croissant,3,11.25,paid
S01494,2025-04-19,seed rye,1,8.25,paid
S01495,2025-04-19,seed rye,2,16.50,paid
S01496,2025-04-19,seed rye,2,16.50,paid
S01497,2025-04-19,sourdough loaf,2,15.00,paid
S01498,2025-04-19,seed rye,3,24.75,paid
S01499,2025-04-19,cinnamon bun,2,8.50,paid
S01500,2025-04-19,croissant,1,3.75,paid
S01501,2025-04-19,seed rye,1,8.25,paid
S01502,2025-04-19,sourdough loaf,1,7.50,paid
S01503,2025-04-19,cinnamon bun,1,4.25,paid
S01504,2025-04-19,seed rye,1,8.25,paid
S01505,2025-04-19,seed rye,1,8.25,paid
S01506,2025-04-19,seed rye,1,8.25,paid
S01507,2025-04-19,sourdough loaf,1,7.50,paid
S01508,2025-04-19,apple tart,2,11.00,paid
S01509,2025-04-20,sourdough loaf,1,7.50,paid
S01510,2025-04-20,filter coffee,2,6.00,paid
S01511,2025-04-20,cinnamon bun,2,8.50,paid
S01512,2025-04-20,seed rye,1,,paid
S01513,2025-04-20,sourdough loaf,3,22.50,paid
S01514,2025-04-20,apple tart,1,5.50,paid
S01515,2025-04-20,filter coffee,1,3.00,paid
S01516,2025-04-20,sourdough loaf,1,7.50,paid
S01517,2025-04-20,cinnamon bun,2,8.50,paid
S01518,2025-04-20,seed rye,2,16.50,paid
S01519,2025-04-20,cinnamon bun,3,12.75,paid
S01520,2025-04-20,seed rye,1,8.25,paid
S01521,2025-04-20,sourdough loaf,1,7.50,paid
S01522,2025-04-20,seed rye,2,16.50,paid
S01523,2025-04-20,filter coffee,3,9.00,refunded
S01524,2025-04-20,sourdough loaf,3,22.50,paid
S01525,2025-04-20,apple tart,3,16.50,paid
S01526,2025-04-20,sourdough loaf,3,22.50,paid
S01527,2025-04-20,cinnamon bun,1,4.25,paid
S01528,2025-04-20,croissant,1,3.75,paid
S01529,2025-04-20,filter coffee,3,9.00,paid
S01530,2025-04-20,cinnamon bun,2,8.50,paid
S01531,2025-04-20,seed rye,1,8.25,paid
S01532,2025-04-20,apple tart,3,16.50,paid
S01533,2025-04-20,sourdough loaf,1,7.50,paid
S01534,2025-04-20,sourdough loaf,1,7.50,paid
S01535,2025-04-21,seed rye,3,24.75,paid
S01536,2025-04-21,sourdough loaf,2,15.00,paid
S01537,2025-04-21,seed rye,1,8.25,void
S01538,2025-04-21,seed rye,1,8.25,paid
S01539,2025-04-22,sourdough loaf,2,15.00,paid
S01540,2025-04-22,seed rye,1,8.25,paid
S01541,2025-04-22,sourdough loaf,2,15.00,paid
S01542,2025-04-22,apple tart,1,5.50,paid
S01543,2025-04-22,cinnamon bun,3,12.75,paid
S01544,2025-04-22,apple tart,3,16.50,paid
S01545,2025-04-22,seed rye,1,8.25,paid
S01546,22/04/2025,cinnamon bun,1,4.25,paid
S01547,2025-04-22,apple tart,1,5.50,paid
S01548,2025-04-22,filter coffee,2,6.00,refunded
S01549,2025-04-22,sourdough loaf,3,22.50,paid
S01550,2025-04-22,croissant,2,7.50,refunded
S01551,2025-04-23,cinnamon bun,1,4.25,paid
S01552,2025-04-23,sourdough loaf,1,7.50,paid
S01553,2025-04-23,cinnamon bun,2,8.50,paid
S01554,2025-04-23,cinnamon bun,1,4.25,paid
S01555,2025-04-23,croissant,3,11.25,paid
S01556,2025-04-23,croissant,1,3.75,paid
S01557,2025-04-23,apple tart,1,5.50,paid
S01557,2025-04-23,apple tart,1,5.50,paid
S01558,2025-04-23,apple tart,1,5.50,paid
S01559,2025-04-24,apple tart,1,5.50,paid
S01560,2025-04-24,apple tart,1,5.50,paid
S01561,2025-04-24,sourdough loaf,1,7.50,paid
S01562,2025-04-24,cinnamon bun,1,4.25,void
S01563,2025-04-24,cinnamon bun,1,,paid
S01564,2025-04-24,apple tart,1,5.50,paid
S01565,2025-04-24,croissant,2,7.50,paid
S01566,2025-04-24,croissant,1,3.75,paid
S01567,2025-04-24,seed rye,3,24.75,paid
S01568,2025-04-24,cinnamon bun,3,12.75,paid
S01569,2025-04-24,seed rye,1,8.25,paid
S01570,2025-04-25,sourdough loaf,1,7.50,paid
S01571,2025-04-25,croissant,1,3.75,paid
S01572,2025-04-25,seed rye,1,8.25,paid
S01573,2025-04-25,filter coffee,1,3.00,paid
S01574,2025-04-25,sourdough loaf,1,7.50,paid
S01575,2025-04-25,seed rye,2,16.50,paid
S01576,2025-04-25,seed rye,2,16.50,paid
S01577,2025-04-25,apple tart,2,11.00,paid
S01578,2025-04-25,sourdough loaf,1,7.50,paid
S01579,2025-04-25,sourdough loaf,1,7.50,paid
S01580,2025-04-25,seed rye,2,16.50,paid
S01581,2025-04-25,cinnamon bun,2,8.50,paid
S01582,2025-04-25,apple tart,1,5.50,paid
S01583,2025-04-25,apple tart,1,5.50,paid
S01584,2025-04-25,croissant,1,3.75,void
S01585,2025-04-26,seed rye,1,8.25,paid
S01586,2025-04-26,apple tart,1,5.50,paid
S01587,2025-04-26,seed rye,2,16.50,paid
S01588,2025-04-26,seed rye,1,8.25,paid
S01589,2025-04-26,apple tart,2,11.00,paid
S01590,2025-04-26,filter coffee,1,3.00,void
S01591,2025-04-26,filter coffee,3,9.00,paid
S01592,2025-04-26,croissant,1,3.75,paid
S01593,2025-04-26,sourdough loaf,1,7.50,paid
S01594,2025-04-26,seed rye,1,8.25,paid
S01595,2025-04-26,apple tart,3,16.50,paid
S01596,2025-04-26,filter coffee,2,6.00,paid
S01597,2025-04-26,croissant,1,3.75,paid
S01598,2025-04-26,filter coffee,2,6.00,paid
S01599,2025-04-26,filter coffee,1,3.00,paid
S01600,2025-04-26,apple tart,2,,paid
S01601,2025-04-26,sourdough loaf,2,15.00,paid
S01602,2025-04-26,seed rye,1,8.25,paid
S01603,2025-04-27,filter coffee,1,3.00,paid
S01604,2025-04-27,seed rye,1,8.25,paid
S01605,2025-04-27,filter coffee,3,9.00,paid
S01606,2025-04-27,croissant,2,7.50,paid
S01607,2025-04-27,apple tart,2,11.00,paid
S01608,2025-04-27,filter coffee,2,6.00,paid
S01609,2025-04-27,croissant,1,3.75,paid
S01610,2025-04-27,sourdough loaf,2,15.00,paid
S01611,2025-04-27,seed rye,3,24.75,paid
S01612,2025-04-27,seed rye,2,16.50,paid
S01613,2025-04-27,filter coffee,1,3.00,void
S01614,2025-04-27,cinnamon bun,2,8.50,paid
S01615,2025-04-27,cinnamon bun,1,4.25,paid
S01616,2025-04-27,sourdough loaf,2,15.00,paid
S01617,2025-04-27,seed rye,2,16.50,paid
S01618,2025-04-28,filter coffee,1,3.00,refunded
S01619,2025-04-28,croissant,1,3.75,paid
S01620,2025-04-28,seed rye,1,8.25,paid
S01621,2025-04-28,filter coffee,1,3.00,paid
S01622,2025-04-28,apple tart,1,5.50,refunded
S01623,2025-04-28,cinnamon bun,1,4.25,paid
S01624,2025-04-28,sourdough loaf,3,22.50,paid
S01625,2025-04-28,cinnamon bun,1,4.25,paid
S01626,2025-04-28,sourdough loaf,2,15.00,paid
S01627,2025-04-28,apple tart,3,16.50,paid
S01628,2025-04-28,croissant,1,3.75,paid
S01629,2025-04-28,apple tart,1,5.50,paid
S01630,2025-04-28,filter coffee,1,3.00,paid
S01631,2025-04-29,filter coffee,1,3.00,paid
S01632,2025-04-29,sourdough loaf,1,7.50,paid
S01633,2025-04-29,filter coffee,1,3.00,paid
S01634,2025-04-29,croissant,1,3.75,refunded
S01635,2025-04-29,seed rye,1,8.25,paid
S01636,2025-04-29,apple tart,1,5.50,paid
S01637,2025-04-29,cinnamon bun,1,4.25,paid
S01638,2025-04-29,filter coffee,1,3.00,paid
S01639,2025-04-29,seed rye,1,8.25,paid
S01640,2025-04-29,filter coffee,1,3.00,paid
S01641,2025-04-29,filter coffee,2,6.00,paid
S01642,2025-04-29,apple tart,2,11.00,paid
S01643,2025-04-29,filter coffee,1,3.00,paid
S01644,2025-04-29,croissant,2,7.50,paid
S01645,2025-04-29,apple tart,1,5.50,paid
S01646,2025-04-30,apple tart,1,5.50,paid
S01647,2025-04-30,apple tart,3,16.50,paid
S01648,2025-04-30,sourdough loaf,1,7.50,paid
S01649,2025-04-30,seed rye,2,16.50,paid
S01650,2025-04-30,croissant,3,11.25,paid
S01651,2025-04-30,filter coffee,1,3.00,paid
S01652,2025-04-30,filter coffee,1,3.00,paid
S01653,2025-04-30,seed rye,3,24.75,paid
S01654,2025-04-30,filter coffee,1,3.00,paid
S01655,2025-04-30,apple tart,3,16.50,void
S01656,2025-04-30,seed rye,1,8.25,paid
S01657,2025-04-30,apple tart,1,5.50,paid
S01658,30/04/2025,apple tart,1,5.50,paid
S01659,2025-04-30,apple tart,2,11.00,paid
S01660,2025-04-30,filter coffee,1,3.00,paid
S01661,2025-04-30,filter coffee,1,3.00,paid
S01662,2025-04-30,sourdough loaf,2,15.00,paid
S01663,2025-05-01,croissant,3,11.25,paid
S01664,2025-05-01,cinnamon bun,1,4.25,paid
S01665,2025-05-01,apple tart,1,,paid
S01666,2025-05-01,sourdough loaf,1,7.50,paid
S01667,2025-05-01,filter coffee,2,6.00,paid
S01668,2025-05-01,filter coffee,1,3.00,paid
S01669,2025-05-01,sourdough loaf,3,22.50,paid
S01670,2025-05-01,filter coffee,2,6.00,paid
S01671,2025-05-02,seed rye,1,8.25,void
S01672,2025-05-02,filter coffee,2,6.00,paid
S01673,2025-05-02,croissant,2,7.50,paid
S01674,2025-05-02,filter coffee,2,6.00,void
S01675,2025-05-02,croissant,1,3.75,paid
S01676,2025-05-02,apple tart,1,5.50,paid
S01677,2025-05-02,filter coffee,2,6.00,paid
S01678,2025-05-02,sourdough loaf,2,15.00,paid
S01679,2025-05-02,filter coffee,2,6.00,paid
S01680,2025-05-02,filter coffee,1,3.00,paid
S01681,2025-05-02,sourdough loaf,1,7.50,void
S01682,2025-05-02,cinnamon bun,1,4.25,paid
S01683,2025-05-02,cinnamon bun,1,4.25,paid
S01684,2025-05-02,croissant,1,3.75,paid
S01685,2025-05-02,sourdough loaf,1,7.50,paid
S01686,2025-05-02,croissant,3,11.25,paid
S01687,2025-05-02,apple tart,2,11.00,paid
S01688,2025-05-02,seed rye,2,16.50,paid
S01689,2025-05-02,seed rye,1,8.25,paid
S01690,2025-05-03,croissant,1,3.75,paid
S01691,2025-05-03,cinnamon bun,2,8.50,paid
S01692,2025-05-03,sourdough loaf,3,22.50,paid
S01693,2025-05-03,filter coffee,2,6.00,paid
S01694,2025-05-03,cinnamon bun,1,4.25,paid
S01695,2025-05-03,apple tart,1,5.50,paid
S01696,2025-05-03,apple tart,2,11.00,paid
S01697,2025-05-03,filter coffee,1,3.00,paid
S01698,2025-05-03,cinnamon bun,2,8.50,paid
S01699,2025-05-03,apple tart,1,5.50,paid
S01700,2025-05-03,croissant,1,3.75,paid
S01701,2025-05-03,croissant,2,7.50,paid
S01702,2025-05-03,cinnamon bun,2,8.50,paid
S01703,2025-05-03,filter coffee,1,3.00,paid
S01704,2025-05-03,seed rye,2,16.50,paid
S01705,2025-05-03,apple tart,2,11.00,paid
S01706,2025-05-03,sourdough loaf,3,22.50,paid
S01707,2025-05-03,sourdough loaf,1,7.50,paid
S01708,2025-05-03,filter coffee,2,6.00,void
S01709,2025-05-03,seed rye,1,8.25,paid
S01710,2025-05-03,cinnamon bun,2,8.50,paid
S01711,2025-05-03,croissant,2,7.50,paid
S01712,2025-05-03,sourdough loaf,3,22.50,paid
S01713,2025-05-04,croissant,3,11.25,paid
S01714,2025-05-04,croissant,2,7.50,paid
S01715,2025-05-04,cinnamon bun,1,4.25,paid
S01716,2025-05-04,croissant,2,7.50,paid
S01717,2025-05-04,seed rye,1,8.25,paid
S01718,2025-05-04,apple tart,2,11.00,refunded
S01719,2025-05-04,sourdough loaf,1,7.50,paid
S01720,2025-05-04,filter coffee,1,3.00,paid
S01721,2025-05-04,croissant,1,3.75,paid
S01722,2025-05-04,seed rye,1,8.25,paid
S01723,2025-05-04,seed rye,1,8.25,paid
S01724,2025-05-04,croissant,2,7.50,paid
S01725,2025-05-04,cinnamon bun,2,8.50,paid
S01726,2025-05-04,sourdough loaf,3,22.50,paid
S01727,2025-05-04,croissant,1,3.75,paid
S01728,2025-05-04,cinnamon bun,2,8.50,paid
S01729,2025-05-04,croissant,2,7.50,paid
S01730,2025-05-04,sourdough loaf,1,7.50,void
S01731,2025-05-05,cinnamon bun,1,4.25,paid
S01732,2025-05-05,apple tart,1,5.50,paid
S01733,2025-05-05,seed rye,2,16.50,paid
S01734,2025-05-05,seed rye,1,8.25,paid
S01735,2025-05-05,croissant,1,3.75,paid
S01736,2025-05-05,filter coffee,1,3.00,paid
S01737,2025-05-05,seed rye,1,8.25,void
S01738,2025-05-05,sourdough loaf,3,22.50,paid
S01739,2025-05-05,apple tart,1,5.50,paid
S01740,2025-05-06,cinnamon bun,2,8.50,paid
S01741,2025-05-06,seed rye,1,8.25,paid
S01742,2025-05-06,croissant,2,7.50,paid
S01743,2025-05-06,apple tart,1,5.50,paid
S01744,2025-05-06,seed rye,2,16.50,paid
S01745,2025-05-06,seed rye,3,24.75,paid
S01746,2025-05-06,filter coffee,2,6.00,paid
S01747,2025-05-06,filter coffee,3,9.00,paid
S01748,2025-05-06,filter coffee,1,3.00,paid
S01749,2025-05-06,seed rye,2,16.50,paid
S01750,2025-05-07,apple tart,2,11.00,paid
S01751,2025-05-07,cinnamon bun,2,8.50,paid
S01752,2025-05-07,sourdough loaf,1,7.50,paid
S01753,2025-05-07,filter coffee,1,3.00,paid
S01754,2025-05-07,sourdough loaf,1,7.50,paid
S01755,2025-05-07,sourdough loaf,2,15.00,paid
S01756,2025-05-07,croissant,3,11.25,paid
S01757,2025-05-07,apple tart,3,16.50,paid
S01758,2025-05-07,apple tart,2,11.00,paid
S01759,2025-05-07,cinnamon bun,2,8.50,paid
S01760,2025-05-07,croissant,1,3.75,paid
S01761,2025-05-07,sourdough loaf,1,7.50,paid
S01762,2025-05-07,apple tart,2,11.00,paid
S01763,2025-05-08,croissant,2,7.50,paid
S01764,2025-05-08,apple tart,2,11.00,paid
S01765,2025-05-08,filter coffee,1,3.00,void
S01766,2025-05-08,seed rye,2,16.50,paid
S01767,2025-05-08,seed rye,1,8.25,paid
S01768,2025-05-08,filter coffee,1,3.00,paid
S01769,2025-05-08,cinnamon bun,1,4.25,paid
S01770,2025-05-08,croissant,2,7.50,paid
S01771,2025-05-08,croissant,1,3.75,paid
S01772,2025-05-08,apple tart,1,5.50,paid
S01773,2025-05-08,apple tart,2,11.00,paid
S01774,2025-05-08,filter coffee,2,6.00,paid
S01775,2025-05-08,sourdough loaf,1,7.50,paid
S01776,2025-05-09,apple tart,1,5.50,paid
S01777,2025-05-09,apple tart,1,5.50,paid
S01778,2025-05-09,cinnamon bun,1,4.25,paid
S01779,2025-05-09,seed rye,2,16.50,paid
S01780,2025-05-09,cinnamon bun,2,8.50,paid
S01781,2025-05-09,filter coffee,2,6.00,paid
S01782,2025-05-09,filter coffee,2,6.00,paid
S01783,2025-05-09,filter coffee,2,6.00,paid
S01784,2025-05-09,seed rye,1,8.25,paid
S01785,2025-05-09,croissant,1,3.75,paid
S01786,2025-05-09,cinnamon bun,2,8.50,paid
S01787,2025-05-10,filter coffee,1,3.00,paid
S01788,2025-05-10,cinnamon bun,1,4.25,paid
S01789,2025-05-10,sourdough loaf,2,15.00,paid
S01790,2025-05-10,croissant,1,3.75,paid
S01791,2025-05-10,sourdough loaf,1,7.50,paid
S01792,2025-05-10,apple tart,1,5.50,paid
S01793,2025-05-10,filter coffee,1,3.00,paid
S01794,2025-05-10,cinnamon bun,1,4.25,paid
S01795,2025-05-10,apple tart,3,16.50,paid
S01796,2025-05-10,cinnamon bun,2,8.50,refunded
S01797,2025-05-10,apple tart,1,5.50,paid
S01798,2025-05-10,apple tart,3,16.50,paid
S01799,2025-05-10,apple tart,1,5.50,paid
S01800,2025-05-10,apple tart,1,5.50,paid
S01801,2025-05-10,filter coffee,2,6.00,paid
S01802,2025-05-10,seed rye,3,24.75,paid
S01803,2025-05-10,cinnamon bun,2,8.50,paid
S01804,2025-05-10,filter coffee,1,3.00,paid
S01805,2025-05-10,filter coffee,1,3.00,paid
S01806,2025-05-10,sourdough loaf,2,15.00,paid
S01807,2025-05-10,apple tart,1,5.50,paid
S01808,2025-05-10,sourdough loaf,2,15.00,paid
S01809,2025-05-10,cinnamon bun,3,12.75,paid
S01810,2025-05-10,sourdough loaf,2,15.00,paid
S01811,2025-05-11,filter coffee,2,6.00,paid
S01812,2025-05-11,sourdough loaf,1,7.50,paid
S01813,2025-05-11,filter coffee,3,9.00,paid
S01814,2025-05-11,croissant,1,3.75,paid
S01815,2025-05-11,seed rye,1,8.25,paid
S01816,2025-05-11,filter coffee,1,3.00,paid
S01817,2025-05-11,filter coffee,1,3.00,paid
S01818,2025-05-11,cinnamon bun,3,12.75,paid
S01819,2025-05-11,croissant,1,3.75,paid
S01820,2025-05-11,apple tart,1,5.50,paid
S01821,2025-05-11,apple tart,1,5.50,paid
S01822,2025-05-11,seed rye,1,8.25,paid
S01823,2025-05-11,apple tart,3,16.50,paid
S01824,2025-05-11,croissant,3,11.25,paid
S01825,2025-05-11,filter coffee,1,3.00,paid
S01826,2025-05-11,croissant,1,3.75,paid
S01827,2025-05-11,cinnamon bun,2,8.50,paid
S01828,2025-05-12,cinnamon bun,1,4.25,paid
S01829,2025-05-12,seed rye,2,16.50,void
S01830,2025-05-12,sourdough loaf,2,15.00,paid
S01831,2025-05-12,filter coffee,3,9.00,void
S01832,2025-05-12,seed rye,2,16.50,paid
S01833,2025-05-12,sourdough loaf,1,7.50,paid
S01834,2025-05-12,cinnamon bun,2,8.50,paid
S01835,2025-05-13,croissant,1,3.75,paid
S01836,2025-05-13,filter coffee,2,6.00,refunded
S01837,2025-05-13,seed rye,3,24.75,paid
S01838,2025-05-13,cinnamon bun,1,4.25,paid
S01839,2025-05-13,filter coffee,3,9.00,paid
S01840,2025-05-14,apple tart,2,11.00,paid
S01841,2025-05-14,seed rye,3,24.75,paid
S01842,2025-05-14,croissant,1,3.75,paid
S01843,2025-05-14,sourdough loaf,1,7.50,paid
S01844,2025-05-14,seed rye,1,8.25,paid
S01845,2025-05-14,apple tart,1,5.50,paid
S01846,2025-05-14,seed rye,1,8.25,paid
S01847,2025-05-14,apple tart,1,5.50,paid
S01848,2025-05-14,apple tart,2,11.00,paid
S01849,2025-05-15,apple tart,3,16.50,paid
S01850,2025-05-15,croissant,2,7.50,paid
S01851,2025-05-15,croissant,1,3.75,paid
S01852,2025-05-15,filter coffee,3,9.00,paid
S01853,2025-05-15,sourdough loaf,1,7.50,paid
S01854,2025-05-15,seed rye,1,8.25,paid
S01855,2025-05-15,filter coffee,1,3.00,paid
S01856,2025-05-15,seed rye,1,8.25,paid
S01857,2025-05-15,sourdough loaf,1,7.50,paid
S01858,2025-05-15,seed rye,2,16.50,paid
S01859,2025-05-16,filter coffee,1,3.00,paid
S01860,2025-05-16,sourdough loaf,2,15.00,paid
S01861,2025-05-16,croissant,1,3.75,paid
S01862,2025-05-16,apple tart,3,16.50,paid
S01863,2025-05-16,croissant,1,3.75,paid
S01864,2025-05-16,apple tart,3,16.50,paid
S01865,2025-05-16,croissant,2,7.50,paid
S01866,2025-05-16,cinnamon bun,3,12.75,paid
S01867,2025-05-16,croissant,2,7.50,paid
S01868,2025-05-16,seed rye,2,16.50,paid
S01869,2025-05-17,croissant,2,7.50,refunded
S01870,2025-05-17,apple tart,1,5.50,void
S01871,2025-05-17,filter coffee,2,6.00,paid
S01872,2025-05-17,filter coffee,1,3.00,paid
S01873,2025-05-17,cinnamon bun,2,8.50,paid
S01874,2025-05-17,filter coffee,2,6.00,paid
S01875,2025-05-17,filter coffee,2,6.00,paid
S01876,2025-05-17,apple tart,2,11.00,paid
S01877,2025-05-17,seed rye,2,16.50,paid
S01878,2025-05-17,croissant,1,3.75,paid
S01879,2025-05-17,croissant,3,11.25,paid
S01880,2025-05-17,filter coffee,1,3.00,paid
S01881,2025-05-17,filter coffee,1,3.00,paid
S01882,2025-05-17,sourdough loaf,1,7.50,paid
S01883,2025-05-17,sourdough loaf,3,22.50,paid
S01884,2025-05-17,seed rye,1,8.25,paid
S01885,2025-05-17,filter coffee,1,,paid
S01886,2025-05-17,filter coffee,3,9.00,paid
S01887,2025-05-17,sourdough loaf,1,7.50,paid
S01888,2025-05-17,filter coffee,2,6.00,paid
S01889,2025-05-18,cinnamon bun,1,4.25,paid
S01890,2025-05-18,sourdough loaf,2,15.00,paid
S01891,2025-05-18,filter coffee,1,3.00,refunded
S01892,2025-05-18,cinnamon bun,3,12.75,paid
S01893,2025-05-18,sourdough loaf,1,7.50,paid
S01894,2025-05-18,cinnamon bun,1,4.25,paid
S01895,2025-05-18,seed rye,2,16.50,paid
S01896,2025-05-18,cinnamon bun,2,8.50,paid
S01897,2025-05-18,croissant,1,3.75,paid
S01898,2025-05-18,filter coffee,1,3.00,paid
S01899,2025-05-18,cinnamon bun,1,4.25,paid
S01900,2025-05-18,seed rye,1,8.25,paid
S01901,2025-05-18,croissant,2,7.50,paid
S01902,2025-05-18,filter coffee,3,9.00,paid
S01903,2025-05-18,seed rye,1,8.25,paid
S01904,2025-05-18,sourdough loaf,1,7.50,paid
S01905,2025-05-18,seed rye,2,16.50,paid
S01906,2025-05-18,seed rye,1,8.25,paid
S01907,2025-05-18,sourdough loaf,1,7.50,paid
S01908,2025-05-18,seed rye,2,16.50,paid
S01909,2025-05-18,seed rye,1,8.25,paid
S01910,2025-05-18,croissant,1,3.75,paid
S01911,2025-05-18,filter coffee,1,3.00,paid
S01912,2025-05-19,sourdough loaf,1,,paid
S01913,2025-05-19,croissant,1,3.75,paid
S01914,2025-05-19,seed rye,1,8.25,paid
S01915,2025-05-19,seed rye,2,,paid
S01916,2025-05-19,seed rye,1,8.25,paid
S01917,2025-05-19,apple tart,1,5.50,paid
S01918,2025-05-19,apple tart,1,5.50,paid
S01919,2025-05-20,cinnamon bun,1,4.25,paid
S01920,2025-05-20,cinnamon bun,1,4.25,paid
S01921,2025-05-20,cinnamon bun,2,8.50,paid
S01922,2025-05-20,croissant,1,3.75,paid
S01923,2025-05-20,sourdough loaf,2,15.00,paid
S01924,2025-05-20,seed rye,1,8.25,paid
S01925,2025-05-20,apple tart,3,16.50,paid
S01926,2025-05-20,apple tart,2,11.00,paid
S01927,2025-05-20,sourdough loaf,1,7.50,paid
S01928,2025-05-20,cinnamon bun,2,8.50,paid
S01929,2025-05-20,filter coffee,1,3.00,paid
S01930,2025-05-20,seed rye,2,16.50,paid
S01931,2025-05-20,filter coffee,2,6.00,paid
S01932,2025-05-20,cinnamon bun,1,4.25,paid
S01933,2025-05-21,sourdough loaf,1,7.50,paid
S01934,2025-05-21,filter coffee,2,6.00,paid
S01935,2025-05-21,filter coffee,1,3.00,paid
S01936,2025-05-21,apple tart,1,5.50,paid
S01937,2025-05-21,cinnamon bun,2,8.50,paid
S01938,2025-05-21,filter coffee,2,6.00,paid
S01939,2025-05-21,cinnamon bun,3,12.75,paid
S01940,2025-05-21,sourdough loaf,1,7.50,paid
S01941,2025-05-21,sourdough loaf,1,7.50,void
S01942,2025-05-21,filter coffee,3,9.00,paid
S01943,2025-05-21,cinnamon bun,1,4.25,paid
S01944,2025-05-21,croissant,2,7.50,paid
S01945,2025-05-22,filter coffee,2,6.00,paid
S01946,2025-05-22,apple tart,1,5.50,paid
S01947,2025-05-22,apple tart,1,5.50,paid
S01948,2025-05-22,seed rye,1,8.25,paid
S01949,2025-05-22,filter coffee,2,6.00,paid
S01950,2025-05-22,seed rye,1,8.25,refunded
S01951,2025-05-22,apple tart,3,,paid
S01952,2025-05-22,sourdough loaf,1,7.50,paid
S01953,2025-05-22,sourdough loaf,1,7.50,paid
S01954,2025-05-22,croissant,1,3.75,paid
S01955,2025-05-22,filter coffee,1,3.00,paid
S01956,2025-05-22,filter coffee,1,3.00,paid
S01957,2025-05-22,croissant,3,11.25,paid
S01958,2025-05-22,filter coffee,3,9.00,paid
S01959,2025-05-22,cinnamon bun,1,4.25,paid
S01960,2025-05-22,filter coffee,2,6.00,paid
S01961,2025-05-22,filter coffee,1,3.00,paid
S01962,2025-05-22,sourdough loaf,2,15.00,paid
S01963,2025-05-22,sourdough loaf,2,15.00,paid
S01964,2025-05-23,croissant,2,7.50,void
S01965,2025-05-23,apple tart,2,11.00,paid
S01966,2025-05-23,filter coffee,2,6.00,paid
S01967,2025-05-23,croissant,1,3.75,paid
S01968,2025-05-23,apple tart,2,11.00,paid
S01969,2025-05-23,seed rye,3,24.75,paid
S01970,2025-05-23,sourdough loaf,1,7.50,paid
S01971,2025-05-23,croissant,2,7.50,paid
S01972,2025-05-23,cinnamon bun,1,4.25,paid
S01973,2025-05-23,croissant,2,7.50,paid
S01974,2025-05-23,seed rye,1,8.25,paid
S01975,2025-05-24,apple tart,1,5.50,paid
S01976,2025-05-24,cinnamon bun,1,4.25,paid
S01977,2025-05-24,seed rye,1,8.25,paid
S01978,2025-05-24,seed rye,2,16.50,paid
S01979,2025-05-24,filter coffee,3,9.00,paid
S01980,24/05/2025,sourdough loaf,1,7.50,paid
S01981,2025-05-24,sourdough loaf,1,7.50,paid
S01982,2025-05-24,filter coffee,1,3.00,paid
S01983,2025-05-24,apple tart,1,5.50,paid
S01984,2025-05-24,seed rye,3,24.75,paid
S01985,2025-05-24,sourdough loaf,1,7.50,paid
S01986,2025-05-24,apple tart,1,5.50,paid
S01987,2025-05-24,seed rye,2,16.50,paid
S01988,2025-05-24,croissant,2,7.50,paid
S01989,2025-05-24,croissant,2,7.50,paid
S01990,2025-05-24,apple tart,1,5.50,paid
S01991,2025-05-24,seed rye,2,16.50,paid
S01992,2025-05-24,sourdough loaf,2,15.00,paid
S01993,2025-05-25,cinnamon bun,1,,paid
S01994,2025-05-25,sourdough loaf,2,15.00,paid
S01995,2025-05-25,cinnamon bun,2,8.50,paid
S01996,2025-05-25,apple tart,1,5.50,paid
S01997,2025-05-25,filter coffee,1,3.00,paid
S01998,2025-05-25,seed rye,1,8.25,paid
S01999,2025-05-25,apple tart,3,16.50,paid
S02000,2025-05-25,filter coffee,1,3.00,paid
S02001,2025-05-25,croissant,3,11.25,paid
S02002,2025-05-25,cinnamon bun,1,4.25,paid
S02003,2025-05-25,cinnamon bun,1,4.25,paid
S02004,2025-05-25,cinnamon bun,3,12.75,paid
S02005,2025-05-25,croissant,1,3.75,paid
S02006,2025-05-25,apple tart,2,11.00,paid
S02007,2025-05-25,cinnamon bun,2,8.50,paid
S02008,2025-05-25,filter coffee,1,3.00,void
S02009,2025-05-25,croissant,1,3.75,paid
S02010,2025-05-25,sourdough loaf,1,7.50,paid
S02011,2025-05-25,sourdough loaf,1,7.50,paid
S02012,2025-05-26,apple tart,2,11.00,refunded
S02013,2025-05-26,filter coffee,2,6.00,paid
S02014,2025-05-26,sourdough loaf,1,7.50,paid
S02015,2025-05-26,seed rye,3,24.75,paid
S02016,2025-05-27,croissant,1,3.75,paid
S02017,27/05/2025,croissant,3,11.25,paid
S02018,2025-05-27,croissant,1,3.75,paid
S02019,2025-05-27,croissant,2,7.50,paid
S02020,2025-05-27,filter coffee,2,6.00,paid
S02021,2025-05-27,sourdough loaf,2,15.00,paid
S02022,2025-05-27,filter coffee,1,3.00,paid
S02023,2025-05-27,cinnamon bun,1,4.25,paid
S02024,2025-05-28,croissant,2,7.50,paid
S02025,2025-05-28,apple tart,1,5.50,paid
S02026,2025-05-28,apple tart,2,11.00,paid
S02027,2025-05-28,sourdough loaf,2,15.00,paid
S02028,2025-05-28,croissant,3,11.25,paid
S02029,2025-05-28,apple tart,1,5.50,paid
S02030,2025-05-28,apple tart,1,,paid
S02031,2025-05-28,seed rye,1,8.25,paid
S02032,2025-05-28,croissant,1,3.75,paid
S02033,2025-05-28,apple tart,1,5.50,paid
S02034,2025-05-28,apple tart,2,11.00,paid
S02035,2025-05-28,cinnamon bun,1,4.25,paid
S02036,2025-05-29,filter coffee,1,3.00,paid
S02037,2025-05-29,sourdough loaf,2,15.00,paid
S02038,2025-05-29,apple tart,1,5.50,paid
S02039,2025-05-29,apple tart,1,5.50,paid
S02040,2025-05-29,seed rye,1,8.25,paid
S02041,2025-05-29,cinnamon bun,2,8.50,paid
S02042,2025-05-29,filter coffee,3,9.00,paid
S02043,2025-05-29,cinnamon bun,1,4.25,paid
S02044,2025-05-29,croissant,2,7.50,paid
S02045,2025-05-29,sourdough loaf,1,7.50,paid
S02046,2025-05-29,apple tart,1,5.50,paid
S02047,2025-05-29,croissant,2,7.50,paid
S02048,2025-05-30,cinnamon bun,2,8.50,paid
S02049,2025-05-30,apple tart,3,16.50,paid
S02050,2025-05-30,apple tart,1,5.50,paid
S02051,2025-05-30,croissant,1,3.75,paid
S02052,2025-05-30,cinnamon bun,1,4.25,paid
S02053,2025-05-30,cinnamon bun,1,4.25,paid
S02054,2025-05-30,cinnamon bun,1,4.25,paid
S02055,2025-05-30,seed rye,1,8.25,paid
S02056,2025-05-30,filter coffee,2,6.00,paid
S02057,2025-05-30,apple tart,1,5.50,paid
S02058,2025-05-30,seed rye,3,24.75,paid
S02059,2025-05-30,croissant,3,11.25,paid
S02060,2025-05-30,filter coffee,1,3.00,paid
S02061,2025-05-30,cinnamon bun,2,8.50,paid
S02062,2025-05-30,apple tart,1,5.50,paid
S02063,2025-05-30,apple tart,1,5.50,paid
S02064,2025-05-30,seed rye,3,24.75,paid
S02065,2025-05-30,apple tart,1,5.50,paid
S02066,30/05/2025,cinnamon bun,1,4.25,paid
S02067,2025-05-30,seed rye,2,16.50,paid
S02068,2025-05-30,sourdough loaf,3,22.50,paid
S02069,2025-05-31,croissant,1,3.75,paid
S02070,2025-05-31,cinnamon bun,2,8.50,paid
S02071,2025-05-31,cinnamon bun,1,,paid
S02072,2025-05-31,croissant,3,11.25,paid
S02073,2025-05-31,apple tart,1,5.50,paid
S02074,2025-05-31,sourdough loaf,3,22.50,paid
S02075,2025-05-31,apple tart,1,5.50,paid
S02076,2025-05-31,cinnamon bun,1,4.25,paid
S02077,2025-05-31,filter coffee,1,3.00,paid
S02078,2025-05-31,seed rye,3,24.75,paid
S02079,2025-05-31,cinnamon bun,2,8.50,paid
S02080,2025-05-31,seed rye,1,8.25,paid
S02081,2025-05-31,croissant,3,11.25,paid
S02082,2025-05-31,filter coffee,2,6.00,paid
S02083,2025-05-31,croissant,3,11.25,void
S02084,2025-05-31,seed rye,2,16.50,paid
S02085,2025-05-31,cinnamon bun,1,4.25,paid
S02086,2025-06-01,sourdough loaf,1,7.50,paid
S02087,2025-06-01,seed rye,1,8.25,paid
S02088,2025-06-01,croissant,2,7.50,paid
S02089,2025-06-01,filter coffee,3,9.00,paid
S02090,2025-06-01,cinnamon bun,1,4.25,paid
S02091,2025-06-01,seed rye,1,8.25,paid
S02092,2025-06-01,croissant,3,11.25,paid
S02093,2025-06-01,seed rye,1,8.25,paid
S02094,2025-06-01,filter coffee,2,6.00,paid
S02095,2025-06-01,sourdough loaf,3,22.50,paid
S02096,2025-06-01,sourdough loaf,2,15.00,paid
S02097,2025-06-01,seed rye,2,,paid
S02098,2025-06-01,sourdough loaf,1,7.50,paid
S02099,2025-06-01,sourdough loaf,1,7.50,paid
S02100,2025-06-01,apple tart,1,5.50,paid
S02101,2025-06-01,sourdough loaf,3,22.50,paid
S02102,2025-06-01,cinnamon bun,2,8.50,paid
S02103,2025-06-02,croissant,1,3.75,paid
S02104,2025-06-03,filter coffee,2,6.00,paid
S02105,2025-06-03,filter coffee,2,6.00,paid
S02106,2025-06-03,filter coffee,2,6.00,paid
S02107,2025-06-03,cinnamon bun,1,4.25,paid
S02108,2025-06-03,croissant,2,7.50,paid
S02109,2025-06-03,sourdough loaf,2,15.00,paid
S02110,2025-06-03,cinnamon bun,2,8.50,paid
S02111,2025-06-03,seed rye,1,8.25,paid
S02112,2025-06-03,seed rye,1,8.25,void
S02113,2025-06-03,filter coffee,1,3.00,paid
S02114,2025-06-03,croissant,1,3.75,paid
S02115,2025-06-03,seed rye,1,8.25,paid
S02116,2025-06-03,croissant,1,3.75,paid
S02117,2025-06-03,sourdough loaf,1,7.50,paid
S02118,2025-06-04,cinnamon bun,1,4.25,paid
S02119,2025-06-04,croissant,2,7.50,paid
S02120,2025-06-04,seed rye,1,8.25,paid
S02121,2025-06-04,filter coffee,1,3.00,void
S02122,2025-06-04,filter coffee,3,9.00,paid
S02123,2025-06-04,sourdough loaf,1,7.50,paid
S02124,2025-06-04,croissant,2,7.50,paid
S02125,2025-06-04,croissant,1,3.75,paid
S02126,2025-06-04,filter coffee,1,3.00,paid
S02127,2025-06-04,apple tart,1,5.50,paid
S02128,2025-06-04,seed rye,2,16.50,paid
S02129,2025-06-04,cinnamon bun,1,4.25,paid
S02130,2025-06-05,filter coffee,2,6.00,paid
S02131,2025-06-05,croissant,3,11.25,paid
S02132,2025-06-05,croissant,3,11.25,paid
S02133,2025-06-05,cinnamon bun,2,8.50,paid
S02134,2025-06-05,seed rye,3,24.75,paid
S02135,2025-06-05,seed rye,3,24.75,paid
S02136,2025-06-05,apple tart,2,11.00,paid
S02137,2025-06-05,cinnamon bun,1,4.25,paid
S02138,2025-06-05,cinnamon bun,1,4.25,paid
S02139,2025-06-05,seed rye,2,16.50,paid
S02140,2025-06-05,filter coffee,2,6.00,paid
S02141,2025-06-05,filter coffee,3,9.00,paid
S02142,2025-06-05,croissant,1,3.75,paid
S02143,2025-06-05,apple tart,3,16.50,void
S02144,2025-06-05,cinnamon bun,1,4.25,paid
S02145,2025-06-06,sourdough loaf,1,7.50,paid
S02146,2025-06-06,apple tart,2,11.00,paid
S02147,2025-06-06,seed rye,3,24.75,paid
S02148,2025-06-06,croissant,3,11.25,paid
S02149,2025-06-06,cinnamon bun,1,4.25,paid
S02150,2025-06-06,seed rye,1,8.25,paid
S02151,2025-06-06,cinnamon bun,1,4.25,paid
S02152,2025-06-06,filter coffee,2,6.00,paid
S02153,2025-06-06,seed rye,2,16.50,paid
S02154,2025-06-06,sourdough loaf,1,7.50,paid
S02155,2025-06-06,sourdough loaf,1,7.50,paid
S02156,2025-06-06,croissant,2,7.50,paid
S02157,2025-06-06,filter coffee,2,6.00,paid
S02158,2025-06-07,seed rye,1,8.25,paid
S02159,2025-06-07,apple tart,1,5.50,paid
S02160,2025-06-07,seed rye,1,8.25,paid
S02161,2025-06-07,sourdough loaf,1,7.50,paid
S02162,2025-06-07,seed rye,1,8.25,paid
S02163,2025-06-07,apple tart,1,5.50,paid
S02164,2025-06-07,filter coffee,1,3.00,paid
S02165,2025-06-07,cinnamon bun,1,4.25,paid
S02166,2025-06-07,croissant,2,7.50,paid
S02167,2025-06-07,cinnamon bun,1,4.25,paid
S02168,2025-06-07,seed rye,1,8.25,paid
S02169,2025-06-07,cinnamon bun,3,12.75,paid
S02170,2025-06-07,filter coffee,3,9.00,paid
S02171,2025-06-07,filter coffee,2,6.00,paid
S02172,2025-06-07,filter coffee,2,6.00,paid
S02173,2025-06-07,croissant,2,7.50,refunded
S02174,2025-06-07,filter coffee,3,9.00,paid
S02175,2025-06-08,sourdough loaf,1,7.50,paid
S02176,2025-06-08,croissant,2,7.50,paid
S02177,2025-06-08,filter coffee,3,9.00,paid
S02178,2025-06-08,filter coffee,1,3.00,paid
S02179,2025-06-08,cinnamon bun,3,12.75,paid
S02180,2025-06-08,sourdough loaf,3,22.50,paid
S02181,2025-06-08,sourdough loaf,2,15.00,paid
S02182,2025-06-08,seed rye,3,24.75,paid
S02183,2025-06-08,apple tart,1,5.50,paid
S02184,2025-06-08,croissant,1,3.75,paid
S02185,2025-06-08,seed rye,2,16.50,paid
S02186,2025-06-08,cinnamon bun,1,4.25,paid
S02187,2025-06-08,apple tart,2,11.00,paid
S02188,2025-06-08,apple tart,1,5.50,paid
S02189,2025-06-08,filter coffee,3,9.00,paid
S02190,2025-06-08,filter coffee,2,6.00,paid
S02191,2025-06-08,sourdough loaf,1,7.50,paid
S02192,2025-06-09,sourdough loaf,1,7.50,paid
S02193,2025-06-09,cinnamon bun,1,4.25,paid
S02194,2025-06-09,cinnamon bun,3,12.75,paid
S02195,2025-06-09,cinnamon bun,1,4.25,paid
S02196,2025-06-09,apple tart,3,16.50,paid
S02197,2025-06-09,apple tart,1,5.50,paid
S02198,2025-06-09,apple tart,1,5.50,paid
S02199,2025-06-09,croissant,2,7.50,paid
S02200,2025-06-10,croissant,2,7.50,paid
S02201,2025-06-10,sourdough loaf,2,15.00,paid
S02202,2025-06-10,croissant,2,7.50,paid
S02203,2025-06-10,sourdough loaf,1,7.50,paid
S02204,2025-06-10,seed rye,3,24.75,paid
S02205,2025-06-10,cinnamon bun,2,8.50,paid
S02206,2025-06-10,filter coffee,2,6.00,paid
S02207,2025-06-10,sourdough loaf,3,22.50,void
S02208,2025-06-10,cinnamon bun,1,4.25,paid
S02209,2025-06-10,seed rye,1,8.25,paid
S02210,2025-06-11,apple tart,1,5.50,paid
S02211,2025-06-11,cinnamon bun,1,4.25,paid
S02212,2025-06-11,seed rye,1,8.25,paid
S02213,2025-06-11,croissant,2,7.50,paid
S02214,2025-06-11,filter coffee,1,3.00,paid
S02215,2025-06-11,cinnamon bun,1,4.25,paid
S02216,2025-06-11,sourdough loaf,1,7.50,paid
S02217,2025-06-11,cinnamon bun,1,4.25,paid
S02218,2025-06-11,cinnamon bun,1,4.25,paid
S02219,2025-06-11,sourdough loaf,2,15.00,paid
S02220,2025-06-11,filter coffee,1,3.00,paid
S02221,2025-06-11,cinnamon bun,2,8.50,paid
S02222,2025-06-11,seed rye,1,8.25,paid
S02223,2025-06-11,apple tart,1,5.50,paid
S02224,2025-06-11,croissant,1,3.75,paid
S02225,2025-06-11,apple tart,1,5.50,paid
S02226,2025-06-12,cinnamon bun,2,8.50,paid
S02227,2025-06-12,seed rye,2,16.50,paid
S02228,2025-06-12,apple tart,3,16.50,void
S02229,2025-06-12,croissant,2,7.50,paid
S02230,2025-06-12,apple tart,1,5.50,paid
S02231,2025-06-12,sourdough loaf,3,22.50,paid
S02232,2025-06-12,seed rye,2,16.50,paid
S02233,2025-06-12,cinnamon bun,1,4.25,paid
S02234,2025-06-12,cinnamon bun,1,4.25,paid
S02235,2025-06-12,seed rye,1,8.25,paid
S02236,2025-06-12,filter coffee,2,6.00,paid
S02237,2025-06-12,cinnamon bun,2,8.50,paid
S02238,2025-06-12,cinnamon bun,2,8.50,paid
S02239,2025-06-13,filter coffee,2,6.00,paid
S02240,2025-06-13,sourdough loaf,2,15.00,paid
S02241,2025-06-13,apple tart,1,5.50,paid
S02242,2025-06-13,filter coffee,1,3.00,paid
S02243,2025-06-13,cinnamon bun,1,4.25,refunded
S02244,2025-06-13,cinnamon bun,2,8.50,paid
S02245,2025-06-13,apple tart,1,5.50,paid
S02246,2025-06-13,croissant,3,11.25,paid
S02247,2025-06-13,cinnamon bun,2,8.50,paid
S02248,2025-06-13,sourdough loaf,1,7.50,paid
S02249,2025-06-13,filter coffee,2,6.00,paid
S02250,2025-06-13,apple tart,1,5.50,paid
S02251,2025-06-13,seed rye,1,8.25,paid
S02252,2025-06-13,cinnamon bun,2,8.50,paid
S02253,2025-06-13,seed rye,1,8.25,paid
S02254,2025-06-13,apple tart,3,16.50,paid
S02255,2025-06-14,cinnamon bun,3,12.75,paid
S02256,2025-06-14,apple tart,3,16.50,paid
S02257,2025-06-14,cinnamon bun,3,12.75,paid
S02258,2025-06-14,cinnamon bun,2,8.50,void
S02259,2025-06-14,sourdough loaf,2,15.00,paid
S02260,2025-06-14,croissant,3,11.25,paid
S02261,2025-06-14,apple tart,1,5.50,paid
S02262,2025-06-14,sourdough loaf,1,7.50,paid
S02263,2025-06-14,seed rye,2,16.50,paid
S02264,2025-06-14,croissant,1,3.75,paid
S02265,2025-06-14,seed rye,3,24.75,paid
S02266,2025-06-14,croissant,1,3.75,paid
S02267,2025-06-14,sourdough loaf,2,15.00,paid
S02268,2025-06-14,croissant,1,3.75,paid
S02269,2025-06-14,cinnamon bun,2,8.50,paid
S02270,2025-06-14,apple tart,3,16.50,paid
S02271,2025-06-14,filter coffee,3,9.00,paid
S02272,2025-06-14,cinnamon bun,2,8.50,paid
S02273,2025-06-14,seed rye,2,16.50,paid
S02274,2025-06-14,seed rye,2,16.50,paid
S02275,2025-06-14,cinnamon bun,1,4.25,paid
S02276,2025-06-14,croissant,1,3.75,paid
S02277,2025-06-14,sourdough loaf,1,7.50,paid
S02278,2025-06-14,apple tart,2,11.00,paid
S02279,2025-06-15,filter coffee,1,3.00,paid
S02280,2025-06-15,apple tart,3,16.50,paid
S02281,2025-06-15,croissant,2,7.50,paid
S02282,2025-06-15,seed rye,2,16.50,void
S02283,2025-06-15,apple tart,1,5.50,paid
S02284,2025-06-15,cinnamon bun,2,8.50,paid
S02285,2025-06-15,apple tart,2,11.00,paid
S02286,2025-06-15,filter coffee,2,6.00,paid
S02287,2025-06-15,croissant,2,7.50,paid
S02288,2025-06-15,seed rye,1,8.25,paid
S02289,2025-06-15,filter coffee,2,6.00,paid
S02290,2025-06-15,seed rye,2,16.50,paid
S02291,2025-06-15,cinnamon bun,2,8.50,paid
S02292,2025-06-15,croissant,1,3.75,paid
S02293,2025-06-15,apple tart,1,5.50,paid
S02294,2025-06-15,sourdough loaf,2,15.00,paid
S02295,2025-06-15,cinnamon bun,3,12.75,paid
S02296,2025-06-15,croissant,2,7.50,paid
S02297,2025-06-15,seed rye,1,8.25,paid
S02298,2025-06-15,croissant,1,3.75,refunded
S02299,2025-06-15,croissant,3,11.25,paid
S02300,2025-06-16,croissant,1,3.75,paid
S02301,2025-06-16,cinnamon bun,2,8.50,paid
S02302,2025-06-16,seed rye,2,16.50,paid
S02303,2025-06-16,croissant,2,7.50,paid
S02304,2025-06-16,sourdough loaf,2,15.00,paid
S02305,2025-06-16,croissant,3,11.25,paid
S02306,2025-06-16,apple tart,3,16.50,paid
S02307,2025-06-17,filter coffee,1,3.00,paid
S02308,2025-06-17,croissant,1,3.75,paid
S02309,2025-06-17,seed rye,1,8.25,paid
S02310,2025-06-17,seed rye,2,16.50,paid
S02311,2025-06-17,filter coffee,2,6.00,paid
S02312,2025-06-17,seed rye,1,8.25,paid
S02313,2025-06-17,cinnamon bun,1,4.25,paid
S02314,2025-06-17,cinnamon bun,2,8.50,paid
S02315,2025-06-18,apple tart,1,5.50,paid
S02316,2025-06-18,cinnamon bun,2,8.50,paid
S02317,2025-06-18,croissant,1,3.75,paid
S02318,2025-06-18,apple tart,1,5.50,paid
S02319,2025-06-18,apple tart,1,5.50,paid
S02320,2025-06-18,seed rye,1,8.25,void
S02321,2025-06-18,sourdough loaf,1,7.50,paid
S02322,2025-06-19,filter coffee,1,3.00,paid
S02323,2025-06-19,apple tart,1,5.50,paid
S02324,2025-06-19,croissant,1,3.75,paid
S02325,2025-06-19,seed rye,3,24.75,paid
S02326,2025-06-19,apple tart,1,5.50,paid
S02327,2025-06-19,sourdough loaf,1,7.50,paid
S02328,2025-06-19,croissant,1,3.75,paid
S02329,2025-06-19,apple tart,1,5.50,paid
S02330,2025-06-20,seed rye,3,24.75,paid
S02331,2025-06-20,filter coffee,2,6.00,paid
S02332,2025-06-20,apple tart,3,16.50,paid
S02333,2025-06-20,sourdough loaf,3,22.50,void
S02334,2025-06-20,sourdough loaf,3,22.50,paid
S02335,2025-06-20,seed rye,3,24.75,paid
S02336,2025-06-20,croissant,1,3.75,paid
S02337,2025-06-20,cinnamon bun,3,12.75,paid
S02338,2025-06-20,filter coffee,2,6.00,paid
S02339,2025-06-20,sourdough loaf,2,15.00,paid
S02340,2025-06-20,cinnamon bun,3,12.75,paid
S02341,2025-06-21,filter coffee,1,3.00,paid
S02342,2025-06-21,seed rye,1,8.25,paid
S02343,2025-06-21,sourdough loaf,2,15.00,paid
S02344,2025-06-21,filter coffee,3,9.00,paid
S02345,2025-06-21,croissant,1,3.75,paid
S02346,2025-06-21,filter coffee,1,3.00,paid
S02347,2025-06-21,seed rye,2,16.50,paid
S02348,2025-06-21,filter coffee,3,9.00,paid
S02349,2025-06-21,cinnamon bun,3,12.75,paid
S02350,2025-06-21,filter coffee,1,3.00,paid
S02351,2025-06-21,filter coffee,2,6.00,paid
S02352,2025-06-21,sourdough loaf,1,7.50,paid
S02353,2025-06-21,sourdough loaf,1,7.50,paid
S02354,2025-06-21,filter coffee,2,6.00,paid
S02355,2025-06-21,apple tart,2,11.00,void
S02356,2025-06-21,sourdough loaf,1,7.50,paid
S02357,2025-06-21,cinnamon bun,1,4.25,paid
S02358,2025-06-21,croissant,3,11.25,paid
S02359,2025-06-21,filter coffee,1,3.00,paid
S02360,2025-06-21,apple tart,1,5.50,paid
S02361,2025-06-21,seed rye,2,16.50,paid
S02362,2025-06-21,cinnamon bun,2,8.50,paid
S02363,2025-06-21,cinnamon bun,1,4.25,paid
S02364,2025-06-22,sourdough loaf,2,15.00,paid
S02365,2025-06-22,croissant,2,7.50,paid
S02366,2025-06-22,croissant,1,3.75,paid
S02367,2025-06-22,filter coffee,2,6.00,paid
S02368,2025-06-22,sourdough loaf,3,22.50,paid
S02369,2025-06-22,apple tart,1,5.50,paid
S02370,2025-06-22,filter coffee,1,3.00,paid
S02371,2025-06-22,sourdough loaf,3,22.50,paid
S02372,2025-06-22,filter coffee,3,9.00,paid
S02373,2025-06-22,seed rye,2,16.50,paid
S02374,2025-06-22,croissant,3,11.25,paid
S02375,2025-06-22,sourdough loaf,3,22.50,paid
S02376,2025-06-22,seed rye,2,16.50,paid
S02377,2025-06-22,filter coffee,2,6.00,paid
S02378,2025-06-22,filter coffee,3,9.00,paid
S02379,2025-06-22,filter coffee,3,9.00,paid
S02380,2025-06-22,apple tart,2,11.00,paid
S02381,2025-06-22,seed rye,2,16.50,paid
S02382,2025-06-22,seed rye,3,24.75,paid
S02383,2025-06-22,sourdough loaf,2,15.00,paid
S02384,2025-06-22,apple tart,1,5.50,paid
S02385,2025-06-22,croissant,2,7.50,void
S02386,2025-06-22,cinnamon bun,3,12.75,paid
S02387,2025-06-23,cinnamon bun,2,8.50,paid
S02388,2025-06-23,sourdough loaf,2,15.00,paid
S02389,2025-06-23,filter coffee,1,3.00,paid
S02390,2025-06-23,filter coffee,1,3.00,paid
S02391,2025-06-23,apple tart,2,11.00,paid
S02392,2025-06-23,croissant,3,11.25,paid
S02393,2025-06-23,apple tart,3,16.50,paid
S02394,2025-06-23,sourdough loaf,1,7.50,paid
S02395,2025-06-24,sourdough loaf,1,7.50,paid
S02396,2025-06-24,cinnamon bun,2,8.50,paid
S02397,2025-06-24,filter coffee,1,3.00,paid
S02398,2025-06-24,seed rye,3,24.75,paid
S02399,2025-06-24,apple tart,1,5.50,paid
S02400,2025-06-24,sourdough loaf,1,7.50,paid
S02401,2025-06-24,apple tart,1,5.50,paid
S02402,2025-06-24,seed rye,2,16.50,paid
S02403,2025-06-24,apple tart,2,11.00,paid
S02404,2025-06-24,apple tart,2,11.00,paid
S02405,2025-06-24,filter coffee,2,6.00,paid
S02406,2025-06-24,filter coffee,1,3.00,paid
S02407,2025-06-24,cinnamon bun,1,4.25,paid
S02408,2025-06-25,filter coffee,1,3.00,paid
S02409,2025-06-25,filter coffee,3,9.00,paid
S02410,2025-06-25,filter coffee,1,3.00,paid
S02411,2025-06-25,croissant,1,3.75,paid
S02412,2025-06-25,cinnamon bun,1,4.25,paid
S02413,2025-06-25,cinnamon bun,1,4.25,paid
S02414,2025-06-25,cinnamon bun,1,4.25,paid
S02415,2025-06-25,croissant,1,3.75,paid
S02416,2025-06-25,cinnamon bun,2,8.50,paid
S02417,2025-06-26,cinnamon bun,1,4.25,paid
S02418,2025-06-26,filter coffee,2,6.00,paid
S02419,2025-06-26,filter coffee,3,9.00,paid
S02420,2025-06-26,croissant,1,3.75,void
S02421,2025-06-26,sourdough loaf,2,15.00,paid
S02422,2025-06-26,croissant,3,11.25,paid
S02423,2025-06-26,apple tart,3,16.50,paid
S02424,2025-06-26,cinnamon bun,2,8.50,paid
S02425,2025-06-26,filter coffee,1,3.00,paid
S02426,2025-06-26,cinnamon bun,1,4.25,paid
S02427,2025-06-26,croissant,2,7.50,paid
S02428,2025-06-26,apple tart,2,11.00,paid
S02429,2025-06-26,cinnamon bun,1,4.25,paid
S02430,2025-06-26,cinnamon bun,2,8.50,paid
S02431,2025-06-27,apple tart,3,16.50,paid
S02432,2025-06-27,sourdough loaf,1,7.50,paid
S02433,2025-06-27,seed rye,3,24.75,paid
S02434,2025-06-27,croissant,2,7.50,paid
S02435,2025-06-27,filter coffee,1,3.00,paid
S02436,2025-06-27,seed rye,1,8.25,paid
S02437,2025-06-27,filter coffee,1,3.00,paid
S02438,2025-06-27,cinnamon bun,1,4.25,paid
S02439,2025-06-27,sourdough loaf,1,7.50,paid
S02440,2025-06-27,croissant,1,3.75,paid
S02441,2025-06-27,seed rye,2,16.50,paid
S02442,2025-06-27,sourdough loaf,1,7.50,paid
S02443,2025-06-27,croissant,3,11.25,paid
S02444,2025-06-27,apple tart,3,16.50,paid
S02445,2025-06-27,cinnamon bun,1,4.25,paid
S02446,2025-06-27,cinnamon bun,1,4.25,paid
S02447,2025-06-27,croissant,1,3.75,paid
S02448,2025-06-27,sourdough loaf,1,7.50,paid
S02449,2025-06-27,croissant,3,11.25,paid
S02450,2025-06-27,cinnamon bun,2,8.50,paid
S02451,2025-06-28,cinnamon bun,3,12.75,paid
S02452,2025-06-28,apple tart,3,16.50,paid
S02453,2025-06-28,seed rye,2,16.50,paid
S02454,2025-06-28,cinnamon bun,1,4.25,paid
S02455,2025-06-28,cinnamon bun,1,4.25,paid
S02456,2025-06-28,cinnamon bun,2,8.50,refunded
S02457,2025-06-28,filter coffee,1,3.00,paid
S02458,2025-06-28,apple tart,1,5.50,paid
S02459,2025-06-28,seed rye,3,24.75,paid
S02460,2025-06-28,sourdough loaf,3,22.50,paid
S02461,2025-06-28,sourdough loaf,1,7.50,paid
S02462,2025-06-28,cinnamon bun,1,4.25,paid
S02463,2025-06-28,filter coffee,2,6.00,paid
S02464,2025-06-28,sourdough loaf,1,7.50,paid
S02465,2025-06-28,cinnamon bun,3,12.75,paid
S02466,2025-06-28,cinnamon bun,1,4.25,paid
S02467,2025-06-28,sourdough loaf,1,7.50,paid
S02468,2025-06-28,filter coffee,1,3.00,paid
S02469,2025-06-28,seed rye,2,16.50,paid
S02470,2025-06-28,filter coffee,1,3.00,paid
S02471,2025-06-28,cinnamon bun,2,8.50,paid
S02472,2025-06-28,sourdough loaf,2,15.00,paid
S02473,2025-06-29,filter coffee,1,3.00,paid
S02474,2025-06-29,apple tart,2,11.00,paid
S02475,2025-06-29,croissant,2,7.50,paid
S02476,2025-06-29,seed rye,1,8.25,paid
S02477,2025-06-29,sourdough loaf,1,7.50,paid
S02478,2025-06-29,apple tart,1,5.50,paid
S02479,2025-06-29,filter coffee,3,9.00,paid
S02480,2025-06-29,sourdough loaf,2,15.00,paid
S02481,2025-06-29,cinnamon bun,1,4.25,paid
S02482,2025-06-29,seed rye,2,16.50,refunded
S02483,2025-06-29,sourdough loaf,1,7.50,paid
S02484,2025-06-29,croissant,1,3.75,paid
S02485,2025-06-29,cinnamon bun,2,8.50,paid
S02486,2025-06-29,cinnamon bun,1,4.25,paid
S02487,2025-06-29,croissant,1,3.75,paid
S02488,2025-06-29,sourdough loaf,1,7.50,paid
S02489,2025-06-29,sourdough loaf,1,7.50,paid
S02490,2025-06-29,sourdough loaf,1,7.50,paid
S02491,2025-06-30,sourdough loaf,1,7.50,paid
S02492,2025-06-30,filter coffee,3,9.00,paid
S02493,2025-06-30,apple tart,1,5.50,paid
S02494,2025-06-30,filter coffee,2,6.00,paid
S02495,2025-06-30,apple tart,3,16.50,paid
S02496,2025-06-30,croissant,3,11.25,paid
S02497,2025-06-30,seed rye,2,16.50,paid
S02498,2025-06-30,cinnamon bun,2,8.50,paid
S02499,2025-06-30,croissant,2,7.50,paid
S02500,2025-06-30,filter coffee,1,3.00,paid
S02501,2025-06-30,seed rye,1,8.25,paid
S02502,2025-07-01,filter coffee,2,6.00,paid
S02503,2025-07-01,seed rye,2,16.50,paid
S02504,2025-07-01,sourdough loaf,1,7.50,paid
S02505,2025-07-01,sourdough loaf,1,7.50,paid
S02506,2025-07-01,sourdough loaf,2,15.00,paid
S02507,2025-07-01,sourdough loaf,1,7.50,paid
S02508,2025-07-01,seed rye,2,16.50,paid
S02509,2025-07-01,croissant,1,3.75,paid
S02510,2025-07-01,sourdough loaf,2,15.00,paid
S02511,2025-07-01,filter coffee,2,6.00,paid
S02512,2025-07-01,cinnamon bun,2,8.50,paid
S02513,2025-07-01,croissant,1,3.75,paid
S02514,2025-07-01,filter coffee,3,9.00,paid
S02515,2025-07-01,filter coffee,3,9.00,paid
S02516,2025-07-01,apple tart,3,16.50,paid
S02517,2025-07-01,cinnamon bun,2,8.50,paid
S02518,2025-07-02,filter coffee,3,9.00,paid
S02519,2025-07-02,filter coffee,2,6.00,paid
S02520,2025-07-02,filter coffee,1,3.00,paid
S02521,2025-07-02,sourdough loaf,2,15.00,paid
S02522,2025-07-02,croissant,1,3.75,paid
S02523,2025-07-02,apple tart,2,11.00,paid
S02524,2025-07-02,croissant,3,11.25,paid
S02525,2025-07-02,seed rye,2,16.50,paid
S02526,2025-07-02,apple tart,1,5.50,paid
S02527,2025-07-02,sourdough loaf,1,7.50,void
S02528,2025-07-02,sourdough loaf,3,22.50,paid
S02529,2025-07-02,apple tart,1,5.50,paid
S02530,2025-07-02,filter coffee,2,6.00,paid
S02531,2025-07-02,apple tart,1,5.50,paid
S02532,2025-07-03,sourdough loaf,1,7.50,paid
S02533,2025-07-03,filter coffee,1,3.00,paid
S02534,2025-07-03,apple tart,1,5.50,paid
S02535,2025-07-03,apple tart,2,11.00,paid
S02536,2025-07-03,sourdough loaf,1,7.50,paid
S02537,2025-07-03,seed rye,3,24.75,paid
S02538,2025-07-03,apple tart,1,5.50,paid
S02539,2025-07-03,cinnamon bun,2,8.50,paid
S02540,2025-07-03,apple tart,3,16.50,void
S02541,2025-07-03,filter coffee,3,9.00,paid
S02542,2025-07-03,apple tart,3,16.50,void
S02543,2025-07-03,sourdough loaf,2,15.00,paid
S02544,2025-07-03,croissant,3,11.25,paid
S02545,2025-07-03,seed rye,2,16.50,paid
S02546,2025-07-04,seed rye,1,8.25,refunded
S02547,2025-07-04,filter coffee,2,6.00,paid
S02548,2025-07-04,apple tart,1,5.50,paid
S02549,2025-07-04,cinnamon bun,1,4.25,paid
S02550,2025-07-04,filter coffee,1,3.00,paid
S02551,2025-07-04,filter coffee,2,6.00,paid
S02552,2025-07-04,filter coffee,1,3.00,paid
S02553,2025-07-04,croissant,1,3.75,paid
S02554,2025-07-04,filter coffee,2,6.00,paid
S02555,2025-07-04,cinnamon bun,2,8.50,paid
S02556,2025-07-04,croissant,1,3.75,paid
S02557,2025-07-04,croissant,1,3.75,paid
S02558,2025-07-04,apple tart,2,11.00,paid
S02559,2025-07-04,apple tart,2,11.00,paid
S02560,2025-07-05,apple tart,3,16.50,paid
S02561,2025-07-05,apple tart,1,5.50,paid
S02562,2025-07-05,filter coffee,1,3.00,paid
S02563,2025-07-05,sourdough loaf,1,7.50,paid
S02564,2025-07-05,cinnamon bun,3,12.75,refunded
S02565,2025-07-05,croissant,3,11.25,paid
S02566,2025-07-05,croissant,1,3.75,paid
S02567,2025-07-05,filter coffee,1,3.00,paid
S02568,2025-07-05,seed rye,2,16.50,paid
S02569,2025-07-05,filter coffee,2,6.00,paid
S02570,2025-07-05,croissant,3,11.25,paid
S02571,2025-07-05,filter coffee,1,3.00,paid
S02572,2025-07-05,filter coffee,3,9.00,paid
S02573,2025-07-05,filter coffee,1,3.00,paid
S02574,2025-07-05,apple tart,1,5.50,paid
S02575,2025-07-05,cinnamon bun,1,4.25,paid
S02576,2025-07-05,filter coffee,2,6.00,paid
S02577,2025-07-06,croissant,3,11.25,paid
S02578,2025-07-06,filter coffee,1,3.00,paid
S02578,2025-07-06,filter coffee,1,3.00,paid
S02579,2025-07-06,seed rye,2,16.50,paid
S02580,2025-07-06,cinnamon bun,2,8.50,paid
S02581,2025-07-06,sourdough loaf,2,15.00,paid
S02582,2025-07-06,sourdough loaf,2,15.00,paid
S02583,2025-07-06,filter coffee,2,6.00,paid
S02584,2025-07-06,seed rye,1,8.25,paid
S02585,2025-07-06,apple tart,2,11.00,paid
S02586,2025-07-06,croissant,3,11.25,paid
S02587,2025-07-06,seed rye,3,24.75,paid
S02588,2025-07-06,apple tart,1,5.50,paid
S02589,2025-07-06,seed rye,3,24.75,paid
S02590,2025-07-06,cinnamon bun,1,4.25,paid
S02591,2025-07-06,cinnamon bun,1,4.25,paid
S02592,2025-07-06,seed rye,2,16.50,paid
S02593,2025-07-06,seed rye,2,16.50,paid
S02594,2025-07-06,croissant,1,3.75,paid
S02595,2025-07-06,apple tart,2,11.00,paid
S02596,2025-07-06,filter coffee,3,9.00,paid
S02597,2025-07-06,apple tart,2,11.00,paid
S02598,2025-07-06,cinnamon bun,2,8.50,paid
S02599,2025-07-06,croissant,1,3.75,paid
S02600,2025-07-07,sourdough loaf,1,7.50,paid
S02601,2025-07-07,croissant,1,3.75,paid
S02602,2025-07-07,croissant,3,11.25,paid
S02603,2025-07-07,seed rye,2,16.50,paid
S02604,2025-07-07,apple tart,1,5.50,paid
S02605,2025-07-07,sourdough loaf,1,7.50,paid
S02606,2025-07-07,apple tart,2,11.00,paid
S02607,2025-07-07,apple tart,1,5.50,paid
S02608,2025-07-07,apple tart,3,16.50,paid
S02609,2025-07-07,sourdough loaf,2,15.00,paid
S02610,2025-07-08,croissant,2,,paid
S02611,2025-07-08,apple tart,1,5.50,paid
S02612,2025-07-08,apple tart,1,5.50,paid
S02613,2025-07-08,cinnamon bun,1,4.25,paid
S02614,2025-07-08,filter coffee,3,9.00,paid
S02615,2025-07-08,seed rye,1,8.25,paid
S02616,2025-07-08,seed rye,3,24.75,paid
S02617,2025-07-08,cinnamon bun,1,4.25,paid
S02618,2025-07-08,cinnamon bun,2,8.50,paid
S02619,2025-07-09,croissant,2,7.50,paid
S02620,2025-07-09,croissant,1,3.75,paid
S02621,2025-07-09,cinnamon bun,1,4.25,void
S02622,2025-07-09,cinnamon bun,1,4.25,paid
S02623,2025-07-09,cinnamon bun,1,4.25,paid
S02624,2025-07-09,cinnamon bun,2,8.50,paid
S02625,2025-07-09,seed rye,2,16.50,paid
S02626,2025-07-09,apple tart,1,5.50,paid
S02627,2025-07-09,filter coffee,3,9.00,paid
S02628,2025-07-09,croissant,1,3.75,paid
S02629,2025-07-09,cinnamon bun,1,4.25,paid
S02630,2025-07-09,cinnamon bun,3,12.75,void
S02631,2025-07-09,filter coffee,1,3.00,paid
S02632,2025-07-10,croissant,2,7.50,paid
S02633,2025-07-10,seed rye,1,8.25,paid
S02634,2025-07-10,seed rye,2,16.50,paid
S02635,2025-07-10,croissant,2,7.50,paid
S02636,2025-07-10,seed rye,1,8.25,void
S02637,2025-07-10,croissant,1,3.75,paid
S02638,2025-07-10,cinnamon bun,1,4.25,paid
S02639,2025-07-10,croissant,1,3.75,paid
S02640,2025-07-10,croissant,1,3.75,paid
S02641,2025-07-10,croissant,1,3.75,paid
S02642,2025-07-10,seed rye,2,16.50,paid
S02643,2025-07-10,apple tart,2,11.00,paid
S02644,2025-07-10,sourdough loaf,1,7.50,paid
S02645,2025-07-11,apple tart,3,16.50,paid
S02646,2025-07-11,croissant,3,11.25,paid
S02647,2025-07-11,sourdough loaf,1,7.50,paid
S02648,2025-07-11,filter coffee,3,9.00,paid
S02649,2025-07-11,seed rye,1,8.25,paid
S02650,2025-07-11,croissant,1,3.75,paid
S02651,2025-07-11,filter coffee,2,6.00,paid
S02652,2025-07-11,croissant,1,3.75,paid
S02653,2025-07-11,filter coffee,1,3.00,paid
S02654,2025-07-11,apple tart,2,11.00,paid
S02655,2025-07-11,croissant,2,7.50,paid
S02656,2025-07-11,apple tart,1,5.50,paid
S02657,2025-07-11,cinnamon bun,2,8.50,paid
S02658,2025-07-11,croissant,3,11.25,paid
S02659,2025-07-12,cinnamon bun,3,12.75,paid
S02660,2025-07-12,cinnamon bun,3,12.75,void
S02661,2025-07-12,sourdough loaf,3,22.50,paid
S02662,2025-07-12,sourdough loaf,2,15.00,paid
S02663,2025-07-12,sourdough loaf,2,15.00,paid
S02664,2025-07-12,seed rye,1,8.25,paid
S02665,2025-07-12,croissant,1,3.75,paid
S02666,2025-07-12,seed rye,1,8.25,paid
S02667,2025-07-12,filter coffee,1,3.00,paid
S02668,2025-07-12,sourdough loaf,1,7.50,paid
S02669,2025-07-12,filter coffee,1,3.00,paid
S02670,2025-07-12,filter coffee,3,9.00,paid
S02671,2025-07-12,apple tart,1,5.50,paid
S02672,2025-07-12,croissant,2,7.50,paid
S02673,2025-07-12,apple tart,2,11.00,paid
S02674,2025-07-12,apple tart,1,5.50,paid
S02675,2025-07-12,croissant,2,7.50,paid
S02676,2025-07-12,croissant,1,3.75,paid
S02677,2025-07-13,apple tart,1,5.50,refunded
S02678,2025-07-13,croissant,1,3.75,paid
S02679,2025-07-13,sourdough loaf,1,7.50,paid
S02680,2025-07-13,filter coffee,2,6.00,paid
S02681,2025-07-13,seed rye,2,16.50,paid
S02682,2025-07-13,cinnamon bun,1,4.25,paid
S02683,2025-07-13,filter coffee,1,3.00,paid
S02684,2025-07-13,seed rye,2,16.50,paid
S02685,2025-07-13,sourdough loaf,1,7.50,paid
S02686,2025-07-13,seed rye,1,8.25,paid
S02687,2025-07-13,apple tart,2,11.00,paid
S02688,2025-07-13,cinnamon bun,1,4.25,paid
S02689,2025-07-13,filter coffee,3,9.00,paid
S02690,2025-07-13,seed rye,1,8.25,paid
S02691,2025-07-13,apple tart,2,11.00,paid
S02692,2025-07-13,filter coffee,3,9.00,paid
S02693,2025-07-13,sourdough loaf,1,7.50,void
S02694,2025-07-13,cinnamon bun,2,8.50,paid
S02695,2025-07-14,croissant,2,7.50,paid
S02696,2025-07-14,sourdough loaf,1,7.50,paid
S02697,2025-07-14,apple tart,2,11.00,paid
S02698,2025-07-14,croissant,1,3.75,paid
S02699,2025-07-14,apple tart,3,16.50,paid
S02700,2025-07-14,filter coffee,1,3.00,paid
S02701,2025-07-14,apple tart,1,5.50,paid
S02702,2025-07-15,cinnamon bun,3,12.75,paid
S02703,2025-07-15,cinnamon bun,2,8.50,paid
S02704,2025-07-15,apple tart,1,5.50,paid
S02705,2025-07-15,cinnamon bun,3,12.75,paid
S02706,2025-07-15,seed rye,2,16.50,refunded
S02707,2025-07-15,apple tart,2,11.00,paid
S02708,2025-07-15,cinnamon bun,1,4.25,paid
S02709,2025-07-15,cinnamon bun,1,4.25,paid
S02710,2025-07-15,filter coffee,3,9.00,paid
S02711,2025-07-15,cinnamon bun,2,8.50,paid
S02712,2025-07-16,seed rye,2,16.50,paid
S02713,2025-07-16,seed rye,1,8.25,paid
S02714,2025-07-16,filter coffee,2,6.00,void
S02715,2025-07-16,cinnamon bun,3,12.75,paid
S02716,2025-07-16,apple tart,3,16.50,void
S02717,2025-07-16,seed rye,2,16.50,paid
S02718,2025-07-16,seed rye,1,8.25,paid
S02719,2025-07-16,sourdough loaf,2,15.00,paid
S02720,2025-07-16,seed rye,2,16.50,paid
S02721,2025-07-16,sourdough loaf,1,7.50,paid
S02722,2025-07-16,sourdough loaf,3,22.50,paid
S02723,2025-07-16,filter coffee,1,3.00,paid
S02724,2025-07-17,seed rye,1,8.25,paid
S02725,2025-07-17,cinnamon bun,1,4.25,paid
S02726,2025-07-17,cinnamon bun,3,12.75,paid
S02727,2025-07-17,seed rye,1,8.25,paid
S02728,2025-07-17,apple tart,1,5.50,refunded
S02729,2025-07-17,croissant,1,3.75,paid
S02730,2025-07-17,seed rye,2,16.50,paid
S02731,2025-07-17,cinnamon bun,3,12.75,paid
S02732,2025-07-18,sourdough loaf,1,7.50,paid
S02733,2025-07-18,seed rye,1,8.25,paid
S02734,2025-07-18,apple tart,1,5.50,paid
S02735,2025-07-18,croissant,1,3.75,paid
S02736,2025-07-18,seed rye,1,8.25,paid
S02737,2025-07-18,sourdough loaf,1,7.50,paid
S02738,2025-07-18,filter coffee,2,6.00,paid
S02739,2025-07-18,sourdough loaf,2,15.00,refunded
S02740,2025-07-18,seed rye,1,8.25,paid
S02741,2025-07-18,sourdough loaf,1,7.50,paid
S02742,2025-07-18,apple tart,1,5.50,paid
S02743,2025-07-18,croissant,1,3.75,paid
S02744,2025-07-18,croissant,3,11.25,paid
S02745,2025-07-18,apple tart,2,11.00,paid
S02746,2025-07-19,filter coffee,2,6.00,paid
S02747,2025-07-19,apple tart,1,5.50,paid
S02748,2025-07-19,cinnamon bun,1,4.25,paid
S02749,2025-07-19,apple tart,1,5.50,paid
S02750,2025-07-19,apple tart,3,,paid
S02751,2025-07-19,sourdough loaf,1,7.50,paid
S02752,2025-07-19,cinnamon bun,1,4.25,paid
S02753,2025-07-19,filter coffee,1,3.00,paid
S02754,2025-07-19,croissant,1,3.75,paid
S02755,2025-07-19,filter coffee,2,6.00,paid
S02756,2025-07-19,filter coffee,1,3.00,void
S02757,2025-07-19,filter coffee,1,3.00,paid
S02758,2025-07-19,cinnamon bun,2,8.50,paid
S02759,2025-07-19,apple tart,2,,paid
S02760,2025-07-19,seed rye,3,24.75,paid
S02761,2025-07-19,croissant,1,3.75,paid
S02762,2025-07-19,cinnamon bun,2,8.50,paid
S02763,2025-07-19,filter coffee,1,3.00,paid
S02764,2025-07-19,seed rye,2,16.50,paid
S02765,2025-07-19,filter coffee,2,6.00,paid
S02766,2025-07-19,apple tart,3,16.50,paid
S02767,2025-07-19,seed rye,3,24.75,paid
S02768,2025-07-19,cinnamon bun,1,4.25,refunded
S02769,2025-07-19,sourdough loaf,2,15.00,paid
S02770,2025-07-19,apple tart,1,5.50,paid
S02771,2025-07-19,seed rye,2,16.50,paid
S02772,2025-07-20,filter coffee,2,6.00,paid
S02773,2025-07-20,apple tart,2,11.00,paid
S02774,2025-07-20,apple tart,1,5.50,paid
S02775,2025-07-20,apple tart,3,16.50,paid
S02776,2025-07-20,croissant,2,7.50,paid
S02777,2025-07-20,filter coffee,2,6.00,paid
S02778,2025-07-20,sourdough loaf,3,22.50,paid
S02779,2025-07-20,cinnamon bun,2,8.50,paid
S02780,2025-07-20,croissant,1,3.75,paid
S02781,2025-07-20,apple tart,3,16.50,paid
S02782,2025-07-20,apple tart,2,11.00,paid
S02783,2025-07-20,cinnamon bun,2,8.50,paid
S02784,2025-07-20,apple tart,1,5.50,paid
S02785,2025-07-20,seed rye,3,24.75,paid
S02786,2025-07-20,seed rye,1,8.25,paid
S02787,2025-07-20,seed rye,1,8.25,paid
S02788,2025-07-21,sourdough loaf,1,7.50,paid
S02789,2025-07-21,seed rye,3,24.75,paid
S02790,2025-07-21,seed rye,2,16.50,paid
S02791,2025-07-21,cinnamon bun,1,4.25,paid
S02792,2025-07-21,seed rye,1,8.25,paid
S02793,2025-07-21,filter coffee,2,6.00,paid
S02794,2025-07-21,seed rye,1,8.25,paid
S02795,2025-07-21,seed rye,2,16.50,paid
S02796,2025-07-21,cinnamon bun,1,4.25,paid
S02797,2025-07-22,cinnamon bun,2,8.50,paid
S02798,2025-07-22,croissant,3,11.25,paid
S02799,2025-07-22,sourdough loaf,1,7.50,paid
S02800,2025-07-22,filter coffee,2,6.00,paid
S02801,2025-07-22,apple tart,2,11.00,paid
S02802,2025-07-22,croissant,3,11.25,void
S02803,2025-07-22,cinnamon bun,1,4.25,paid
S02804,2025-07-22,apple tart,2,11.00,paid
S02805,2025-07-22,cinnamon bun,2,8.50,paid
S02806,2025-07-22,filter coffee,2,6.00,paid
S02807,2025-07-23,filter coffee,1,3.00,paid
S02808,2025-07-23,seed rye,3,24.75,paid
S02809,2025-07-23,croissant,1,3.75,void
S02810,2025-07-23,croissant,1,3.75,paid
S02811,2025-07-23,apple tart,1,5.50,paid
S02812,2025-07-23,sourdough loaf,3,22.50,paid
S02813,2025-07-23,apple tart,1,5.50,paid
S02814,2025-07-23,cinnamon bun,1,4.25,paid
S02815,2025-07-23,filter coffee,1,3.00,paid
S02816,2025-07-24,filter coffee,1,3.00,paid
S02817,2025-07-24,seed rye,3,24.75,paid
S02818,2025-07-24,seed rye,1,8.25,paid
S02819,2025-07-24,sourdough loaf,1,7.50,paid
S02820,2025-07-24,filter coffee,1,3.00,paid
S02821,2025-07-24,apple tart,1,5.50,paid
S02822,2025-07-24,cinnamon bun,2,8.50,paid
S02823,2025-07-24,cinnamon bun,2,8.50,paid
S02824,2025-07-24,apple tart,2,11.00,paid
S02825,2025-07-24,sourdough loaf,2,15.00,paid
S02826,2025-07-24,croissant,1,3.75,void
S02827,2025-07-25,filter coffee,2,6.00,paid
S02828,2025-07-25,sourdough loaf,2,15.00,paid
S02829,2025-07-25,filter coffee,2,6.00,paid
S02830,2025-07-25,filter coffee,2,6.00,paid
S02831,2025-07-25,seed rye,2,16.50,paid
S02832,2025-07-25,filter coffee,3,9.00,paid
S02833,2025-07-25,sourdough loaf,2,15.00,paid
S02834,2025-07-26,cinnamon bun,2,8.50,paid
S02835,2025-07-26,cinnamon bun,2,8.50,paid
S02836,2025-07-26,seed rye,3,24.75,paid
S02837,2025-07-26,cinnamon bun,1,4.25,paid
S02838,2025-07-26,croissant,1,3.75,paid
S02839,2025-07-26,apple tart,2,11.00,paid
S02840,2025-07-26,seed rye,1,8.25,paid
S02841,2025-07-26,filter coffee,3,9.00,paid
S02842,2025-07-26,croissant,2,7.50,paid
S02843,2025-07-26,filter coffee,3,9.00,paid
S02844,2025-07-26,seed rye,1,8.25,paid
S02845,2025-07-27,seed rye,2,16.50,paid
S02846,2025-07-27,apple tart,3,16.50,paid
S02847,2025-07-27,cinnamon bun,1,4.25,paid
S02848,2025-07-27,seed rye,1,8.25,paid
S02849,2025-07-27,cinnamon bun,1,4.25,paid
S02850,2025-07-27,seed rye,1,8.25,paid
S02851,2025-07-27,apple tart,1,5.50,paid
S02852,2025-07-27,filter coffee,1,3.00,paid
S02853,2025-07-27,seed rye,2,16.50,paid
S02854,2025-07-27,seed rye,2,16.50,paid
S02855,2025-07-27,seed rye,2,16.50,paid
S02856,2025-07-27,cinnamon bun,1,4.25,paid
S02857,2025-07-27,sourdough loaf,3,22.50,paid
S02858,2025-07-27,filter coffee,2,6.00,paid
S02859,2025-07-27,cinnamon bun,2,8.50,paid
S02860,2025-07-27,filter coffee,1,3.00,paid
S02861,2025-07-28,filter coffee,2,6.00,paid
S02862,2025-07-29,filter coffee,2,6.00,paid
S02863,2025-07-29,apple tart,1,5.50,paid
S02864,2025-07-29,seed rye,1,8.25,paid
S02865,2025-07-29,filter coffee,1,3.00,paid
S02866,2025-07-29,sourdough loaf,3,22.50,paid
S02867,2025-07-29,sourdough loaf,1,7.50,paid
S02868,2025-07-29,cinnamon bun,3,12.75,paid
S02869,2025-07-29,sourdough loaf,1,7.50,paid
S02870,2025-07-30,seed rye,3,24.75,paid
S02871,2025-07-30,seed rye,1,8.25,paid
S02872,2025-07-30,croissant,1,3.75,paid
S02873,2025-07-30,filter coffee,2,6.00,paid
S02874,2025-07-30,croissant,1,3.75,paid
S02875,2025-07-30,sourdough loaf,1,7.50,paid
S02876,2025-07-30,apple tart,2,11.00,paid
S02877,2025-07-30,croissant,1,3.75,paid
S02878,2025-07-30,filter coffee,1,3.00,paid
S02879,2025-07-30,filter coffee,2,6.00,paid
S02880,2025-07-31,cinnamon bun,1,4.25,paid
S02881,2025-07-31,apple tart,2,11.00,paid
S02882,2025-07-31,cinnamon bun,1,4.25,paid
S02883,2025-07-31,apple tart,2,11.00,paid
S02884,2025-08-01,cinnamon bun,2,8.50,void
S02885,2025-08-01,seed rye,2,16.50,paid
S02886,2025-08-01,seed rye,1,8.25,paid
S02887,2025-08-01,filter coffee,2,6.00,paid
S02888,2025-08-01,seed rye,1,8.25,paid
S02889,2025-08-01,seed rye,1,8.25,paid
S02890,2025-08-01,seed rye,3,24.75,paid
S02891,2025-08-01,croissant,3,11.25,paid
S02892,2025-08-01,croissant,1,3.75,paid
S02893,2025-08-01,sourdough loaf,3,22.50,paid
S02894,2025-08-01,sourdough loaf,1,7.50,paid
S02895,2025-08-01,croissant,2,7.50,paid
S02896,2025-08-01,cinnamon bun,1,4.25,paid
S02897,2025-08-01,cinnamon bun,2,8.50,paid
S02898,2025-08-01,croissant,2,7.50,paid
S02899,2025-08-02,apple tart,1,5.50,paid
S02900,2025-08-02,apple tart,1,5.50,paid
S02901,2025-08-02,filter coffee,2,6.00,paid
S02902,2025-08-02,croissant,3,11.25,paid
S02903,2025-08-02,apple tart,2,11.00,paid
S02904,2025-08-02,sourdough loaf,2,15.00,paid
S02905,2025-08-02,filter coffee,3,9.00,paid
S02906,2025-08-02,cinnamon bun,1,4.25,paid
S02907,2025-08-02,seed rye,1,8.25,paid
S02908,2025-08-02,croissant,1,3.75,paid
S02909,2025-08-02,croissant,1,3.75,paid
S02910,2025-08-02,seed rye,2,16.50,paid
S02911,2025-08-02,apple tart,2,11.00,refunded
S02912,2025-08-02,apple tart,1,5.50,paid
S02913,2025-08-02,sourdough loaf,2,15.00,paid
S02914,2025-08-02,seed rye,1,8.25,paid
S02915,2025-08-02,croissant,1,3.75,void
S02916,2025-08-02,sourdough loaf,1,7.50,void
S02917,2025-08-02,cinnamon bun,2,8.50,paid
S02918,2025-08-02,apple tart,1,5.50,paid
S02919,2025-08-02,filter coffee,3,9.00,paid
S02920,2025-08-02,croissant,1,3.75,paid
S02921,2025-08-02,cinnamon bun,2,8.50,paid
S02922,2025-08-02,cinnamon bun,2,8.50,paid
S02923,2025-08-03,seed rye,1,8.25,paid
S02924,2025-08-03,seed rye,2,16.50,refunded
S02925,2025-08-03,seed rye,2,16.50,paid
S02926,2025-08-03,apple tart,2,11.00,paid
S02927,2025-08-03,filter coffee,2,6.00,paid
S02928,2025-08-03,croissant,1,3.75,paid
S02929,2025-08-03,filter coffee,2,6.00,paid
S02930,2025-08-03,sourdough loaf,3,22.50,paid
S02931,2025-08-03,cinnamon bun,1,4.25,paid
S02932,2025-08-03,sourdough loaf,1,7.50,paid
S02933,2025-08-03,apple tart,1,5.50,paid
S02934,2025-08-03,filter coffee,3,9.00,paid
S02935,2025-08-03,apple tart,1,5.50,paid
S02936,2025-08-03,croissant,1,3.75,paid
S02937,2025-08-03,filter coffee,2,6.00,paid
S02938,2025-08-03,cinnamon bun,2,8.50,paid
S02939,2025-08-03,filter coffee,3,9.00,paid
S02940,2025-08-03,apple tart,3,16.50,paid
S02941,2025-08-04,seed rye,1,8.25,paid
S02942,2025-08-04,filter coffee,3,9.00,void
S02943,2025-08-04,sourdough loaf,3,22.50,paid
S02944,2025-08-04,seed rye,2,16.50,paid
S02945,2025-08-04,sourdough loaf,2,15.00,paid
S02946,2025-08-04,croissant,2,7.50,paid
S02947,2025-08-05,cinnamon bun,1,4.25,paid
S02948,2025-08-05,apple tart,1,5.50,paid
S02949,2025-08-05,filter coffee,2,6.00,paid
S02950,2025-08-05,filter coffee,2,6.00,paid
S02951,2025-08-05,cinnamon bun,1,4.25,paid
S02952,2025-08-05,filter coffee,2,6.00,paid
S02953,2025-08-05,filter coffee,3,9.00,paid
S02954,2025-08-05,sourdough loaf,1,7.50,paid
S02955,2025-08-05,filter coffee,1,3.00,paid
S02956,2025-08-05,croissant,1,3.75,paid
S02957,2025-08-05,apple tart,1,5.50,void
S02958,2025-08-05,croissant,1,3.75,paid
S02959,2025-08-05,filter coffee,1,3.00,paid
S02960,2025-08-05,seed rye,1,8.25,paid
S02961,2025-08-05,croissant,1,3.75,paid
S02962,2025-08-05,sourdough loaf,2,15.00,paid
S02963,2025-08-06,cinnamon bun,3,12.75,paid
S02964,2025-08-06,cinnamon bun,1,4.25,paid
S02965,2025-08-06,seed rye,1,8.25,paid
S02966,2025-08-06,croissant,1,3.75,void
S02967,2025-08-06,seed rye,2,16.50,paid
S02968,2025-08-06,croissant,1,3.75,paid
S02969,2025-08-06,apple tart,1,5.50,paid
S02970,2025-08-06,seed rye,1,8.25,paid
S02971,2025-08-06,apple tart,2,11.00,paid
S02972,2025-08-07,apple tart,1,5.50,paid
S02973,2025-08-07,croissant,2,7.50,paid
S02974,2025-08-07,apple tart,1,5.50,paid
S02975,2025-08-07,sourdough loaf,2,15.00,paid
S02976,2025-08-07,sourdough loaf,1,7.50,paid
S02977,2025-08-07,apple tart,2,11.00,void
S02978,2025-08-07,croissant,1,3.75,paid
S02979,2025-08-07,seed rye,3,24.75,paid
S02980,2025-08-07,sourdough loaf,2,15.00,paid
S02981,2025-08-07,croissant,2,7.50,paid
S02982,2025-08-07,cinnamon bun,3,12.75,paid
S02983,2025-08-07,sourdough loaf,3,22.50,paid
S02984,2025-08-07,cinnamon bun,1,4.25,paid
S02985,2025-08-08,sourdough loaf,3,22.50,paid
S02986,2025-08-08,seed rye,3,24.75,refunded
S02987,2025-08-08,apple tart,1,5.50,paid
S02988,2025-08-08,apple tart,1,5.50,paid
S02989,2025-08-08,apple tart,1,5.50,refunded
S02990,2025-08-08,croissant,2,7.50,paid
S02991,2025-08-08,sourdough loaf,2,15.00,paid
S02992,2025-08-08,seed rye,1,8.25,paid
S02993,2025-08-08,seed rye,1,8.25,paid
S02994,2025-08-08,seed rye,1,8.25,paid
S02995,2025-08-08,filter coffee,1,3.00,paid
S02996,2025-08-08,cinnamon bun,1,4.25,paid
S02997,2025-08-08,seed rye,1,8.25,paid
S02998,2025-08-08,filter coffee,2,6.00,paid
S02999,2025-08-08,sourdough loaf,1,7.50,paid
S03000,2025-08-08,cinnamon bun,3,12.75,paid
S03001,2025-08-09,sourdough loaf,2,15.00,paid
S03002,2025-08-09,seed rye,2,16.50,paid
S03003,2025-08-09,seed rye,1,8.25,paid
S03004,2025-08-09,sourdough loaf,3,22.50,paid
S03005,2025-08-09,seed rye,3,24.75,paid
S03006,2025-08-09,croissant,1,3.75,paid
S03007,2025-08-09,croissant,1,3.75,paid
S03008,2025-08-09,sourdough loaf,1,7.50,paid
S03009,2025-08-09,filter coffee,1,3.00,paid
S03010,2025-08-09,sourdough loaf,3,22.50,paid
S03011,2025-08-09,cinnamon bun,2,8.50,paid
S03012,2025-08-09,apple tart,2,11.00,paid
S03013,2025-08-09,apple tart,2,11.00,paid
S03014,2025-08-09,apple tart,1,5.50,paid
S03015,2025-08-09,cinnamon bun,1,4.25,paid
S03016,2025-08-09,seed rye,1,8.25,paid
S03017,2025-08-09,croissant,1,3.75,paid
S03018,2025-08-09,sourdough loaf,2,15.00,void
S03019,2025-08-09,cinnamon bun,3,12.75,paid
S03020,2025-08-09,filter coffee,2,6.00,paid
S03021,2025-08-09,cinnamon bun,2,8.50,paid
S03022,2025-08-10,croissant,1,3.75,paid
S03023,2025-08-10,filter coffee,1,3.00,paid
S03024,2025-08-10,seed rye,2,16.50,paid
S03025,2025-08-10,croissant,1,3.75,paid
S03026,2025-08-10,apple tart,2,11.00,paid
S03027,2025-08-10,apple tart,1,5.50,paid
S03028,2025-08-10,filter coffee,1,3.00,paid
S03029,2025-08-10,apple tart,2,11.00,paid
S03030,2025-08-10,apple tart,1,5.50,paid
S03031,2025-08-10,cinnamon bun,1,4.25,paid
S03032,2025-08-10,seed rye,1,8.25,paid
S03033,2025-08-10,filter coffee,2,6.00,paid
S03034,2025-08-10,apple tart,1,5.50,paid
S03035,2025-08-10,apple tart,2,11.00,paid
S03036,2025-08-10,cinnamon bun,2,8.50,paid
S03037,2025-08-10,cinnamon bun,2,8.50,paid
S03038,2025-08-10,croissant,1,3.75,void
S03039,2025-08-10,seed rye,2,16.50,paid
S03040,2025-08-11,croissant,2,7.50,paid
S03041,2025-08-11,filter coffee,3,9.00,paid
S03042,2025-08-11,seed rye,3,24.75,paid
S03043,2025-08-11,cinnamon bun,2,8.50,paid
S03044,2025-08-11,filter coffee,3,9.00,paid
S03045,2025-08-11,croissant,1,3.75,paid
S03046,2025-08-12,filter coffee,1,3.00,paid
S03047,2025-08-12,sourdough loaf,1,7.50,paid
S03048,2025-08-12,sourdough loaf,3,22.50,paid
S03049,2025-08-12,croissant,1,3.75,paid
S03050,2025-08-12,apple tart,1,5.50,paid
S03051,2025-08-12,sourdough loaf,2,15.00,paid
S03052,2025-08-12,cinnamon bun,1,4.25,paid
S03053,2025-08-12,apple tart,3,16.50,paid
S03054,2025-08-12,filter coffee,2,6.00,paid
S03055,2025-08-12,seed rye,2,16.50,paid
S03056,2025-08-12,croissant,1,3.75,paid
S03057,2025-08-13,sourdough loaf,3,22.50,paid
S03058,2025-08-13,croissant,3,11.25,void
S03059,2025-08-13,apple tart,2,11.00,paid
S03060,2025-08-13,cinnamon bun,1,4.25,paid
S03061,2025-08-13,seed rye,2,16.50,paid
S03062,2025-08-13,seed rye,1,8.25,paid
S03063,2025-08-13,croissant,2,7.50,paid
S03064,2025-08-13,seed rye,1,8.25,paid
S03065,2025-08-13,apple tart,3,16.50,paid
S03066,2025-08-13,croissant,3,11.25,paid
S03067,2025-08-13,apple tart,1,5.50,paid
S03068,2025-08-13,seed rye,1,8.25,paid
S03069,2025-08-13,sourdough loaf,1,7.50,paid
S03070,2025-08-13,apple tart,1,5.50,void
S03071,2025-08-14,croissant,1,3.75,refunded
S03072,2025-08-14,filter coffee,3,9.00,paid
S03073,2025-08-14,cinnamon bun,2,8.50,paid
S03074,2025-08-14,seed rye,3,24.75,paid
S03075,2025-08-14,sourdough loaf,3,22.50,paid
S03076,2025-08-14,filter coffee,1,3.00,paid
S03077,2025-08-14,apple tart,2,11.00,paid
S03078,2025-08-14,seed rye,2,16.50,paid
S03079,2025-08-14,cinnamon bun,1,4.25,paid
S03080,2025-08-14,sourdough loaf,2,15.00,paid
S03081,2025-08-14,croissant,2,7.50,paid
S03082,2025-08-14,cinnamon bun,1,4.25,void
S03083,2025-08-14,sourdough loaf,1,7.50,paid
S03084,2025-08-15,seed rye,1,8.25,paid
S03085,2025-08-15,croissant,1,3.75,paid
S03086,2025-08-15,apple tart,1,5.50,paid
S03087,2025-08-15,cinnamon bun,2,8.50,paid
S03088,2025-08-15,seed rye,1,8.25,paid
S03089,2025-08-15,sourdough loaf,1,7.50,paid
S03090,2025-08-15,cinnamon bun,1,4.25,paid
S03091,2025-08-15,cinnamon bun,3,12.75,paid
S03092,2025-08-15,apple tart,1,5.50,paid
S03093,2025-08-15,sourdough loaf,2,15.00,paid
S03094,2025-08-15,croissant,1,3.75,paid
S03095,2025-08-16,cinnamon bun,1,4.25,paid
S03096,2025-08-16,croissant,1,3.75,paid
S03097,2025-08-16,croissant,3,11.25,paid
S03098,2025-08-16,croissant,1,3.75,paid
S03099,2025-08-16,croissant,2,7.50,paid
S03100,2025-08-16,seed rye,2,16.50,paid
S03101,2025-08-16,filter coffee,1,3.00,paid
S03102,2025-08-16,filter coffee,2,6.00,paid
S03103,2025-08-16,filter coffee,3,9.00,paid
S03104,2025-08-16,croissant,1,3.75,paid
S03105,2025-08-16,seed rye,1,8.25,paid
S03106,2025-08-16,croissant,1,3.75,paid
S03107,2025-08-16,cinnamon bun,1,4.25,paid
S03108,2025-08-16,apple tart,2,11.00,paid
S03109,2025-08-16,croissant,2,7.50,paid
S03110,2025-08-16,apple tart,1,5.50,paid
S03111,2025-08-16,croissant,1,3.75,paid
S03112,2025-08-16,apple tart,1,5.50,paid
S03113,2025-08-16,sourdough loaf,1,7.50,paid
S03114,2025-08-16,cinnamon bun,1,4.25,paid
S03115,2025-08-16,cinnamon bun,2,8.50,paid
S03116,2025-08-16,apple tart,1,5.50,paid
S03117,2025-08-16,croissant,2,7.50,paid
S03118,2025-08-16,apple tart,3,16.50,paid
S03119,2025-08-16,sourdough loaf,2,15.00,paid
S03120,2025-08-17,apple tart,1,5.50,paid
S03121,2025-08-17,seed rye,3,24.75,paid
S03122,2025-08-17,seed rye,2,16.50,paid
S03123,2025-08-17,croissant,2,7.50,paid
S03124,2025-08-17,sourdough loaf,2,15.00,paid
S03125,2025-08-17,croissant,1,3.75,paid
S03126,2025-08-17,cinnamon bun,3,12.75,paid
S03127,2025-08-17,cinnamon bun,2,8.50,paid
S03128,2025-08-17,apple tart,1,5.50,paid
S03129,2025-08-17,cinnamon bun,1,4.25,paid
S03130,2025-08-17,cinnamon bun,2,8.50,paid
S03131,2025-08-17,seed rye,1,8.25,paid
S03132,2025-08-17,cinnamon bun,1,4.25,paid
S03133,2025-08-17,sourdough loaf,1,7.50,paid
S03134,2025-08-17,cinnamon bun,1,4.25,paid
S03135,2025-08-17,croissant,1,3.75,paid
S03136,2025-08-17,croissant,1,3.75,paid
S03137,2025-08-17,croissant,2,7.50,paid
S03138,2025-08-17,croissant,1,3.75,paid
S03139,2025-08-17,apple tart,1,5.50,paid
S03140,2025-08-17,cinnamon bun,3,12.75,paid
S03141,2025-08-17,seed rye,1,8.25,paid
S03142,2025-08-18,filter coffee,1,3.00,void
S03143,2025-08-18,filter coffee,3,9.00,paid
S03144,2025-08-18,cinnamon bun,2,8.50,paid
S03145,2025-08-18,sourdough loaf,1,7.50,paid
S03146,2025-08-18,apple tart,3,16.50,paid
S03147,2025-08-18,cinnamon bun,1,4.25,paid
S03148,2025-08-18,apple tart,3,16.50,paid
S03149,2025-08-18,filter coffee,1,3.00,void
S03150,2025-08-18,apple tart,2,11.00,paid
S03151,2025-08-19,filter coffee,2,6.00,paid
S03152,2025-08-19,seed rye,1,8.25,paid
S03153,2025-08-19,cinnamon bun,3,12.75,paid
S03154,2025-08-19,seed rye,1,8.25,paid
S03155,2025-08-19,cinnamon bun,2,8.50,paid
S03156,2025-08-19,apple tart,3,16.50,paid
S03157,2025-08-19,cinnamon bun,1,4.25,paid
S03158,2025-08-19,seed rye,2,16.50,paid
S03159,2025-08-20,filter coffee,1,3.00,paid
S03160,2025-08-20,croissant,2,7.50,paid
S03161,2025-08-20,apple tart,3,16.50,paid
S03162,2025-08-20,filter coffee,3,9.00,paid
S03163,2025-08-20,croissant,2,7.50,paid
S03164,20/08/2025,filter coffee,1,3.00,paid
S03165,2025-08-20,sourdough loaf,2,15.00,paid
S03166,2025-08-20,seed rye,1,8.25,paid
S03167,2025-08-20,apple tart,2,11.00,paid
S03168,2025-08-20,apple tart,2,11.00,paid
S03169,2025-08-20,sourdough loaf,2,15.00,paid
S03170,21/08/2025,apple tart,1,5.50,paid
S03171,2025-08-21,apple tart,3,16.50,paid
S03172,2025-08-21,croissant,3,11.25,paid
S03173,2025-08-21,apple tart,1,5.50,paid
S03174,2025-08-21,apple tart,1,5.50,paid
S03175,2025-08-21,cinnamon bun,1,4.25,paid
S03176,2025-08-21,croissant,3,11.25,paid
S03177,2025-08-21,filter coffee,1,3.00,paid
S03178,2025-08-21,sourdough loaf,1,7.50,paid
S03179,2025-08-21,sourdough loaf,3,22.50,paid
S03180,2025-08-21,sourdough loaf,1,7.50,paid
S03181,2025-08-22,seed rye,2,16.50,paid
S03182,2025-08-22,apple tart,3,16.50,paid
S03183,2025-08-22,apple tart,1,5.50,paid
S03184,2025-08-22,sourdough loaf,1,7.50,paid
S03185,2025-08-22,cinnamon bun,2,8.50,paid
S03186,2025-08-22,croissant,1,3.75,paid
S03187,2025-08-22,cinnamon bun,1,4.25,paid
S03188,2025-08-22,croissant,1,3.75,paid
S03189,2025-08-22,croissant,1,3.75,paid
S03190,2025-08-22,seed rye,3,24.75,paid
S03191,2025-08-22,seed rye,1,8.25,paid
S03192,2025-08-22,cinnamon bun,1,4.25,void
S03193,2025-08-22,cinnamon bun,2,8.50,paid
S03194,2025-08-22,seed rye,1,8.25,paid
S03195,2025-08-22,croissant,1,3.75,paid
S03196,2025-08-22,cinnamon bun,1,4.25,paid
S03197,2025-08-22,cinnamon bun,1,4.25,paid
S03198,2025-08-22,filter coffee,2,6.00,paid
S03199,2025-08-22,sourdough loaf,2,15.00,paid
S03200,2025-08-22,croissant,3,11.25,paid
S03201,2025-08-22,apple tart,2,11.00,paid
S03202,2025-08-22,seed rye,1,8.25,paid
S03203,2025-08-23,filter coffee,1,3.00,paid
S03203,2025-08-23,filter coffee,1,3.00,paid
S03204,2025-08-23,cinnamon bun,1,4.25,paid
S03205,2025-08-23,cinnamon bun,2,8.50,paid
S03206,2025-08-23,filter coffee,2,6.00,paid
S03207,2025-08-23,apple tart,1,5.50,paid
S03208,2025-08-23,seed rye,3,24.75,paid
S03209,2025-08-23,croissant,2,7.50,paid
S03210,2025-08-23,apple tart,2,11.00,paid
S03211,2025-08-23,apple tart,3,16.50,paid
S03212,2025-08-23,cinnamon bun,2,8.50,paid
S03213,2025-08-23,apple tart,2,11.00,void
S03214,2025-08-23,sourdough loaf,1,7.50,paid
S03215,2025-08-23,croissant,2,7.50,paid
S03216,2025-08-23,apple tart,3,16.50,paid
S03217,2025-08-23,sourdough loaf,1,7.50,paid
S03218,2025-08-23,filter coffee,2,6.00,paid
S03219,2025-08-23,cinnamon bun,3,12.75,paid
S03220,2025-08-23,filter coffee,1,3.00,paid
S03221,2025-08-23,croissant,1,3.75,paid
S03222,2025-08-23,sourdough loaf,1,7.50,paid
S03223,2025-08-23,croissant,3,11.25,paid
S03224,2025-08-23,seed rye,3,24.75,paid
S03225,2025-08-23,filter coffee,2,6.00,paid
S03226,2025-08-23,seed rye,3,24.75,paid
S03227,2025-08-23,sourdough loaf,1,7.50,paid
S03228,2025-08-24,filter coffee,2,6.00,paid
S03229,2025-08-24,seed rye,1,8.25,paid
S03230,2025-08-24,croissant,2,7.50,paid
S03231,2025-08-24,sourdough loaf,1,7.50,paid
S03232,2025-08-24,seed rye,2,16.50,paid
S03233,2025-08-24,cinnamon bun,1,4.25,paid
S03234,2025-08-24,filter coffee,2,6.00,paid
S03235,2025-08-24,cinnamon bun,2,8.50,paid
S03236,2025-08-24,filter coffee,2,6.00,paid
S03237,2025-08-24,sourdough loaf,1,7.50,paid
S03238,2025-08-24,seed rye,2,16.50,void
S03239,2025-08-24,apple tart,1,5.50,void
S03240,2025-08-24,sourdough loaf,1,7.50,void
S03241,2025-08-24,sourdough loaf,2,15.00,paid
S03242,2025-08-24,cinnamon bun,2,8.50,paid
S03243,2025-08-24,croissant,1,3.75,paid
S03244,2025-08-24,cinnamon bun,1,4.25,paid
S03245,2025-08-24,cinnamon bun,2,8.50,paid
S03246,2025-08-25,filter coffee,1,3.00,paid
S03247,2025-08-25,seed rye,2,16.50,paid
S03248,2025-08-25,seed rye,1,8.25,paid
S03249,2025-08-25,croissant,2,7.50,paid
S03250,2025-08-25,croissant,2,7.50,paid
S03251,2025-08-25,croissant,1,3.75,paid
S03252,2025-08-25,seed rye,1,8.25,paid
S03253,2025-08-25,filter coffee,1,3.00,paid
S03254,2025-08-25,filter coffee,1,3.00,paid
S03255,2025-08-25,sourdough loaf,1,7.50,paid
S03256,2025-08-25,seed rye,1,8.25,paid
S03257,2025-08-25,sourdough loaf,1,7.50,paid
S03258,2025-08-26,croissant,3,11.25,paid
S03259,2025-08-26,apple tart,1,5.50,paid
S03260,2025-08-26,filter coffee,2,,void
S03261,2025-08-26,filter coffee,1,3.00,paid
S03262,2025-08-26,filter coffee,1,3.00,paid
S03263,2025-08-26,filter coffee,1,3.00,paid
S03264,2025-08-26,croissant,1,3.75,paid
S03265,2025-08-27,filter coffee,3,9.00,paid
S03266,2025-08-27,filter coffee,2,6.00,paid
S03267,2025-08-27,cinnamon bun,1,4.25,paid
S03268,2025-08-27,filter coffee,2,6.00,paid
S03269,2025-08-27,cinnamon bun,2,8.50,paid
S03270,2025-08-27,cinnamon bun,1,4.25,paid
S03271,2025-08-27,cinnamon bun,2,8.50,paid
S03272,2025-08-27,filter coffee,2,6.00,paid
S03273,27/08/2025,cinnamon bun,3,12.75,refunded
S03274,2025-08-27,apple tart,2,11.00,paid
S03275,2025-08-27,apple tart,1,5.50,paid
S03276,2025-08-27,sourdough loaf,2,15.00,paid
S03277,2025-08-27,croissant,1,3.75,paid
S03278,2025-08-28,sourdough loaf,3,22.50,paid
S03279,2025-08-28,sourdough loaf,1,7.50,paid
S03280,2025-08-28,filter coffee,1,3.00,paid
S03281,2025-08-28,croissant,3,11.25,paid
S03282,2025-08-28,croissant,2,7.50,void
S03283,2025-08-28,seed rye,1,8.25,paid
S03284,2025-08-28,croissant,1,3.75,paid
S03285,2025-08-28,seed rye,2,16.50,paid
S03286,2025-08-28,filter coffee,2,6.00,paid
S03287,2025-08-28,seed rye,2,16.50,paid
S03288,2025-08-28,filter coffee,1,3.00,paid
S03289,2025-08-29,filter coffee,1,3.00,paid
S03290,2025-08-29,seed rye,2,16.50,paid
S03291,2025-08-29,sourdough loaf,2,15.00,paid
S03292,2025-08-29,apple tart,1,5.50,paid
S03293,2025-08-29,sourdough loaf,1,7.50,paid
S03294,2025-08-29,cinnamon bun,3,12.75,paid
S03295,2025-08-29,sourdough loaf,1,7.50,paid
S03296,2025-08-29,croissant,2,7.50,paid
S03297,2025-08-29,filter coffee,1,3.00,paid
S03298,2025-08-29,seed rye,3,24.75,paid
S03299,2025-08-29,filter coffee,2,6.00,paid
S03300,2025-08-29,sourdough loaf,2,15.00,paid
S03301,2025-08-29,apple tart,2,11.00,paid
S03302,2025-08-29,cinnamon bun,2,8.50,paid
S03303,2025-08-29,seed rye,1,8.25,paid
S03304,2025-08-29,cinnamon bun,1,4.25,paid
S03305,2025-08-29,filter coffee,1,3.00,paid
S03306,2025-08-29,seed rye,1,8.25,paid
S03307,2025-08-30,apple tart,1,5.50,paid
S03308,2025-08-30,apple tart,3,16.50,paid
S03309,2025-08-30,filter coffee,1,3.00,paid
S03310,2025-08-30,seed rye,2,16.50,paid
S03311,2025-08-30,croissant,1,3.75,paid
S03312,2025-08-30,sourdough loaf,1,7.50,paid
S03313,2025-08-30,seed rye,1,8.25,paid
S03314,2025-08-30,filter coffee,1,3.00,paid
S03315,2025-08-30,filter coffee,3,9.00,paid
S03316,2025-08-30,seed rye,1,8.25,paid
S03317,2025-08-30,croissant,3,11.25,paid
S03318,2025-08-30,apple tart,3,16.50,paid
S03319,2025-08-30,filter coffee,3,9.00,paid
S03320,2025-08-30,apple tart,1,5.50,paid
S03321,2025-08-30,croissant,1,3.75,void
S03322,2025-08-30,sourdough loaf,2,15.00,paid
S03323,2025-08-30,apple tart,2,11.00,paid
S03324,2025-08-30,sourdough loaf,2,15.00,paid
S03325,2025-08-30,apple tart,1,5.50,paid
S03326,2025-08-30,apple tart,1,5.50,paid
S03327,2025-08-30,filter coffee,3,9.00,paid
S03328,2025-08-30,sourdough loaf,3,22.50,paid
S03329,2025-08-30,cinnamon bun,1,4.25,paid
S03330,2025-08-30,seed rye,1,8.25,paid
S03331,2025-08-30,croissant,1,3.75,paid
S03332,2025-08-31,apple tart,2,11.00,paid
S03333,2025-08-31,seed rye,1,8.25,paid
S03334,2025-08-31,cinnamon bun,1,4.25,paid
S03335,2025-08-31,filter coffee,1,3.00,paid
S03336,2025-08-31,croissant,1,3.75,paid
S03337,2025-08-31,seed rye,3,24.75,paid
S03338,2025-08-31,cinnamon bun,1,4.25,paid
S03339,2025-08-31,cinnamon bun,3,,paid
S03340,2025-08-31,croissant,1,3.75,paid
S03341,2025-08-31,seed rye,1,8.25,paid
S03342,2025-08-31,filter coffee,3,9.00,paid
S03343,2025-08-31,cinnamon bun,3,12.75,paid
S03344,2025-08-31,apple tart,1,5.50,paid
S03345,2025-08-31,cinnamon bun,1,4.25,paid
S03346,2025-09-01,cinnamon bun,2,8.50,paid
S03347,2025-09-01,croissant,3,11.25,paid
S03348,2025-09-01,sourdough loaf,3,22.50,paid
S03349,2025-09-01,croissant,1,3.75,paid
S03350,2025-09-01,sourdough loaf,1,7.50,paid
S03351,2025-09-02,apple tart,2,11.00,paid
S03352,2025-09-02,apple tart,1,5.50,paid
S03353,2025-09-02,apple tart,2,11.00,void
S03354,2025-09-02,croissant,1,3.75,paid
S03355,2025-09-02,seed rye,1,8.25,paid
S03356,2025-09-02,seed rye,2,16.50,paid
S03357,2025-09-03,croissant,2,7.50,paid
S03358,2025-09-03,filter coffee,2,6.00,paid
S03359,2025-09-03,sourdough loaf,2,15.00,paid
S03360,2025-09-03,filter coffee,1,3.00,paid
S03361,2025-09-03,croissant,1,3.75,paid
S03362,2025-09-03,sourdough loaf,2,15.00,paid
S03363,2025-09-03,seed rye,2,16.50,paid
S03364,2025-09-03,cinnamon bun,1,4.25,paid
S03365,2025-09-03,sourdough loaf,2,15.00,paid
S03366,2025-09-03,apple tart,2,11.00,paid
S03367,2025-09-03,filter coffee,1,3.00,paid
S03368,2025-09-03,filter coffee,1,3.00,paid
S03369,2025-09-04,apple tart,1,5.50,paid
S03370,2025-09-04,sourdough loaf,1,7.50,refunded
S03371,2025-09-04,croissant,1,3.75,paid
S03372,2025-09-04,sourdough loaf,1,7.50,paid
S03373,2025-09-04,apple tart,3,16.50,paid
S03374,2025-09-04,seed rye,3,24.75,paid
S03375,2025-09-04,filter coffee,1,3.00,paid
S03376,2025-09-04,cinnamon bun,2,8.50,paid
S03377,2025-09-05,sourdough loaf,1,7.50,paid
S03378,2025-09-05,seed rye,1,8.25,paid
S03379,2025-09-05,seed rye,1,8.25,paid
S03380,2025-09-05,sourdough loaf,2,15.00,paid
S03381,2025-09-05,filter coffee,2,6.00,paid
S03382,2025-09-05,filter coffee,2,6.00,paid
S03383,2025-09-05,filter coffee,1,3.00,void
S03384,2025-09-05,sourdough loaf,1,7.50,paid
S03385,2025-09-06,cinnamon bun,2,8.50,paid
S03386,2025-09-06,sourdough loaf,1,7.50,paid
S03387,2025-09-06,filter coffee,3,9.00,paid
S03388,2025-09-06,croissant,2,7.50,paid
S03389,2025-09-06,croissant,1,3.75,paid
S03390,2025-09-06,seed rye,1,8.25,paid
S03391,2025-09-06,cinnamon bun,1,4.25,paid
S03392,2025-09-06,apple tart,1,5.50,paid
S03393,2025-09-06,apple tart,2,11.00,paid
S03394,2025-09-06,sourdough loaf,2,15.00,paid
S03395,2025-09-06,apple tart,1,5.50,paid
S03396,2025-09-06,apple tart,1,5.50,paid
S03397,2025-09-06,croissant,1,3.75,paid
S03398,2025-09-06,filter coffee,2,6.00,paid
S03399,2025-09-06,filter coffee,1,3.00,paid
S03400,2025-09-06,seed rye,1,8.25,paid
S03401,2025-09-06,sourdough loaf,3,22.50,paid
S03402,2025-09-06,filter coffee,2,6.00,paid
S03403,2025-09-06,apple tart,1,5.50,paid
S03404,2025-09-06,apple tart,3,16.50,paid
S03405,2025-09-06,filter coffee,2,6.00,paid
S03406,2025-09-07,seed rye,1,8.25,paid
S03407,2025-09-07,sourdough loaf,2,15.00,paid
S03408,2025-09-07,sourdough loaf,1,7.50,paid
S03409,2025-09-07,seed rye,3,24.75,paid
S03410,2025-09-07,croissant,3,11.25,paid
S03411,2025-09-07,seed rye,2,16.50,paid
S03412,2025-09-07,seed rye,1,8.25,paid
S03413,2025-09-07,filter coffee,2,6.00,paid
S03414,2025-09-07,seed rye,1,8.25,paid
S03415,2025-09-07,cinnamon bun,3,12.75,paid
S03416,2025-09-07,seed rye,1,8.25,paid
S03417,2025-09-07,seed rye,2,16.50,paid
S03418,2025-09-07,croissant,1,3.75,paid
S03419,2025-09-07,cinnamon bun,1,4.25,paid
S03420,2025-09-07,sourdough loaf,1,7.50,paid
S03421,2025-09-07,sourdough loaf,2,15.00,paid
S03422,2025-09-07,croissant,1,3.75,paid
S03423,2025-09-08,apple tart,3,16.50,paid
S03424,2025-09-08,seed rye,2,16.50,paid
S03425,2025-09-08,filter coffee,2,6.00,paid
S03426,2025-09-08,apple tart,1,5.50,paid
S03427,2025-09-08,croissant,3,11.25,paid
S03428,2025-09-08,cinnamon bun,1,4.25,paid
S03429,2025-09-08,croissant,1,3.75,paid
S03430,2025-09-08,sourdough loaf,1,7.50,paid
S03431,2025-09-08,croissant,1,3.75,paid
S03432,2025-09-09,apple tart,1,5.50,paid
S03433,2025-09-09,apple tart,1,5.50,paid
S03434,2025-09-09,cinnamon bun,1,4.25,paid
S03435,2025-09-09,sourdough loaf,2,15.00,paid
S03436,2025-09-09,croissant,1,3.75,paid
S03437,2025-09-09,cinnamon bun,1,4.25,paid
S03438,2025-09-09,croissant,2,7.50,void
S03439,2025-09-10,apple tart,2,11.00,paid
S03440,2025-09-10,sourdough loaf,1,7.50,paid
S03441,2025-09-10,apple tart,2,11.00,paid
S03442,2025-09-10,cinnamon bun,1,4.25,paid
S03443,2025-09-10,sourdough loaf,1,7.50,paid
S03444,2025-09-10,filter coffee,3,9.00,paid
S03445,2025-09-10,filter coffee,1,3.00,paid
S03446,2025-09-10,seed rye,2,16.50,paid
S03447,2025-09-10,cinnamon bun,2,8.50,paid
S03448,2025-09-10,apple tart,1,5.50,paid
S03449,2025-09-10,croissant,1,3.75,paid
S03450,2025-09-10,filter coffee,1,3.00,paid
S03451,2025-09-11,filter coffee,1,3.00,paid
S03452,2025-09-11,sourdough loaf,1,7.50,paid
S03453,2025-09-11,apple tart,1,5.50,void
S03454,2025-09-11,croissant,2,7.50,paid
S03455,2025-09-11,apple tart,2,11.00,paid
S03456,2025-09-11,apple tart,3,16.50,paid
S03457,2025-09-11,seed rye,2,16.50,paid
S03458,2025-09-11,filter coffee,1,3.00,paid
S03459,2025-09-11,filter coffee,2,6.00,paid
S03460,2025-09-11,croissant,1,3.75,paid
S03461,2025-09-12,apple tart,1,5.50,paid
S03462,2025-09-12,apple tart,1,5.50,paid
S03463,2025-09-12,apple tart,2,11.00,paid
S03464,2025-09-12,filter coffee,1,3.00,paid
S03465,2025-09-12,filter coffee,1,3.00,paid
S03466,2025-09-12,sourdough loaf,2,15.00,void
S03467,2025-09-12,apple tart,1,5.50,paid
S03468,2025-09-12,filter coffee,3,9.00,paid
S03469,2025-09-12,filter coffee,2,6.00,paid
S03470,2025-09-12,seed rye,3,24.75,paid
S03471,2025-09-12,filter coffee,2,6.00,paid
S03472,2025-09-12,seed rye,2,16.50,paid
S03473,2025-09-13,seed rye,3,24.75,paid
S03474,2025-09-13,seed rye,3,24.75,paid
S03475,2025-09-13,seed rye,1,8.25,paid
S03476,2025-09-13,croissant,1,3.75,paid
S03477,2025-09-13,seed rye,3,24.75,paid
S03478,2025-09-13,croissant,3,11.25,paid
S03479,2025-09-13,sourdough loaf,3,22.50,paid
S03480,2025-09-13,sourdough loaf,2,15.00,paid
S03481,2025-09-13,sourdough loaf,2,15.00,paid
S03482,2025-09-13,apple tart,1,5.50,paid
S03483,2025-09-13,filter coffee,1,3.00,paid
S03484,2025-09-13,cinnamon bun,1,4.25,paid
S03485,2025-09-13,cinnamon bun,2,8.50,paid
S03486,2025-09-13,sourdough loaf,2,15.00,paid
S03487,2025-09-13,sourdough loaf,2,15.00,paid
S03488,2025-09-13,apple tart,2,11.00,paid
S03489,2025-09-13,seed rye,2,16.50,paid
S03490,2025-09-13,cinnamon bun,2,8.50,paid
S03491,2025-09-13,sourdough loaf,1,7.50,paid
S03492,2025-09-14,apple tart,2,11.00,paid
S03493,2025-09-14,croissant,1,3.75,paid
S03494,2025-09-14,sourdough loaf,1,7.50,void
S03495,2025-09-14,seed rye,2,16.50,paid
S03496,2025-09-14,apple tart,1,5.50,paid
S03497,2025-09-14,cinnamon bun,2,8.50,paid
S03498,2025-09-14,cinnamon bun,2,8.50,paid
S03499,2025-09-14,croissant,2,7.50,paid
S03500,2025-09-14,filter coffee,1,3.00,paid
S03501,2025-09-14,croissant,1,3.75,paid
S03502,2025-09-14,filter coffee,2,6.00,paid
S03503,2025-09-14,filter coffee,2,6.00,paid
S03504,2025-09-14,sourdough loaf,2,15.00,paid
S03505,2025-09-14,filter coffee,3,9.00,paid
S03506,2025-09-14,croissant,1,3.75,paid
S03507,2025-09-14,croissant,2,7.50,paid
S03508,2025-09-15,filter coffee,2,6.00,paid
S03509,2025-09-15,filter coffee,2,6.00,paid
S03510,2025-09-15,sourdough loaf,2,15.00,paid
S03511,2025-09-15,sourdough loaf,1,7.50,paid
S03512,2025-09-15,filter coffee,1,3.00,paid
S03513,2025-09-15,apple tart,1,5.50,paid
S03513,2025-09-15,apple tart,1,5.50,paid
S03514,2025-09-15,croissant,2,7.50,paid
S03515,2025-09-16,apple tart,1,5.50,paid
S03516,2025-09-16,croissant,2,7.50,paid
S03517,2025-09-16,apple tart,2,11.00,paid
S03518,2025-09-16,filter coffee,3,9.00,paid
S03519,2025-09-16,cinnamon bun,1,4.25,refunded
S03520,2025-09-16,sourdough loaf,1,7.50,paid
S03521,2025-09-16,sourdough loaf,1,7.50,paid
S03522,2025-09-16,croissant,2,7.50,paid
S03523,2025-09-16,cinnamon bun,3,12.75,paid
S03524,2025-09-16,cinnamon bun,1,4.25,paid
S03525,2025-09-16,seed rye,1,8.25,paid
S03526,2025-09-16,cinnamon bun,2,8.50,paid
S03527,2025-09-16,filter coffee,1,3.00,paid
S03528,2025-09-16,croissant,3,11.25,paid
S03529,2025-09-16,apple tart,2,11.00,paid
S03530,2025-09-16,seed rye,1,8.25,paid
S03531,2025-09-16,seed rye,1,8.25,paid
S03532,2025-09-16,croissant,1,3.75,paid
S03533,2025-09-17,sourdough loaf,1,,paid
S03534,2025-09-17,filter coffee,3,9.00,paid
S03535,2025-09-17,filter coffee,1,3.00,paid
S03536,2025-09-17,croissant,3,11.25,paid
S03537,2025-09-17,apple tart,2,11.00,paid
S03538,2025-09-17,seed rye,1,8.25,paid
S03539,2025-09-17,seed rye,3,24.75,paid
S03540,2025-09-17,apple tart,2,11.00,paid
S03541,2025-09-17,apple tart,2,11.00,paid
S03542,2025-09-17,cinnamon bun,3,12.75,paid
S03543,2025-09-17,croissant,1,3.75,paid
S03544,2025-09-17,filter coffee,1,3.00,paid
S03545,2025-09-17,croissant,1,3.75,paid
S03546,2025-09-18,sourdough loaf,1,7.50,paid
S03547,2025-09-18,cinnamon bun,1,4.25,paid
S03548,2025-09-18,croissant,1,3.75,paid
S03549,2025-09-18,filter coffee,1,3.00,paid
S03550,2025-09-18,sourdough loaf,1,7.50,paid
S03551,2025-09-18,seed rye,1,8.25,refunded
S03552,2025-09-18,apple tart,1,5.50,paid
S03553,2025-09-18,cinnamon bun,1,4.25,paid
S03554,2025-09-18,cinnamon bun,1,4.25,paid
S03555,2025-09-18,filter coffee,1,3.00,paid
S03556,2025-09-18,sourdough loaf,2,15.00,paid
S03557,2025-09-18,cinnamon bun,2,8.50,paid
S03558,2025-09-19,croissant,1,3.75,paid
S03559,2025-09-19,apple tart,1,,paid
S03560,2025-09-19,croissant,2,7.50,paid
S03561,2025-09-19,sourdough loaf,1,7.50,paid
S03562,2025-09-19,croissant,1,3.75,paid
S03563,2025-09-19,sourdough loaf,1,7.50,paid
S03564,2025-09-19,seed rye,2,16.50,paid
S03565,2025-09-19,seed rye,2,16.50,paid
S03566,2025-09-19,apple tart,1,5.50,paid
S03567,2025-09-19,apple tart,2,11.00,paid
S03568,2025-09-19,cinnamon bun,2,8.50,paid
S03569,2025-09-19,croissant,1,3.75,paid
S03570,2025-09-19,cinnamon bun,1,4.25,paid
S03571,2025-09-19,sourdough loaf,1,7.50,paid
S03572,2025-09-19,croissant,1,3.75,paid
S03573,2025-09-20,croissant,1,3.75,paid
S03574,2025-09-20,filter coffee,2,6.00,paid
S03575,2025-09-20,cinnamon bun,1,4.25,paid
S03576,2025-09-20,filter coffee,2,6.00,paid
S03577,2025-09-20,cinnamon bun,1,4.25,void
S03578,2025-09-20,filter coffee,2,6.00,paid
S03579,2025-09-20,filter coffee,3,9.00,paid
S03580,2025-09-20,apple tart,1,5.50,paid
S03581,2025-09-20,croissant,2,,paid
S03582,2025-09-20,sourdough loaf,1,7.50,paid
S03583,2025-09-20,sourdough loaf,2,15.00,paid
S03584,2025-09-20,sourdough loaf,1,7.50,paid
S03585,2025-09-20,apple tart,2,11.00,paid
S03586,2025-09-20,filter coffee,2,6.00,paid
S03587,2025-09-20,cinnamon bun,2,8.50,paid
S03588,2025-09-20,apple tart,1,5.50,paid
S03589,2025-09-20,croissant,3,11.25,paid
S03590,2025-09-20,cinnamon bun,3,12.75,paid
S03591,2025-09-20,cinnamon bun,2,8.50,paid
S03592,2025-09-20,croissant,2,7.50,paid
S03593,2025-09-20,sourdough loaf,2,15.00,paid
S03594,2025-09-20,cinnamon bun,2,8.50,paid
S03595,2025-09-21,apple tart,2,11.00,paid
S03596,2025-09-21,seed rye,1,8.25,paid
S03597,2025-09-21,cinnamon bun,2,8.50,paid
S03598,2025-09-21,apple tart,2,11.00,paid
S03599,2025-09-21,croissant,2,7.50,void
S03600,2025-09-21,cinnamon bun,3,12.75,paid
S03601,2025-09-21,apple tart,1,5.50,paid
S03602,2025-09-21,sourdough loaf,1,7.50,paid
S03603,2025-09-21,croissant,1,3.75,paid
S03604,2025-09-21,cinnamon bun,1,4.25,paid
S03605,2025-09-21,apple tart,1,5.50,paid
S03606,2025-09-21,filter coffee,3,9.00,paid
S03607,2025-09-21,cinnamon bun,1,4.25,paid
S03608,2025-09-21,apple tart,3,16.50,paid
S03609,2025-09-21,seed rye,1,8.25,paid
S03610,2025-09-22,sourdough loaf,1,7.50,paid
S03611,2025-09-22,filter coffee,1,3.00,paid
S03612,2025-09-22,apple tart,3,16.50,paid
S03613,2025-09-22,cinnamon bun,1,4.25,paid
S03614,2025-09-23,filter coffee,3,9.00,paid
S03615,2025-09-23,apple tart,2,11.00,paid
S03616,2025-09-23,cinnamon bun,3,12.75,paid
S03617,2025-09-23,apple tart,1,5.50,paid
S03618,2025-09-23,filter coffee,1,3.00,paid
S03619,2025-09-23,croissant,1,3.75,paid
S03620,2025-09-23,seed rye,2,16.50,paid
S03621,2025-09-23,seed rye,3,24.75,paid
S03622,2025-09-23,cinnamon bun,1,4.25,paid
S03623,2025-09-23,apple tart,3,16.50,paid
S03624,2025-09-23,seed rye,2,16.50,paid
S03625,2025-09-24,cinnamon bun,2,8.50,paid
S03626,2025-09-24,filter coffee,2,6.00,paid
S03627,2025-09-24,apple tart,2,11.00,paid
S03628,2025-09-24,seed rye,1,8.25,paid
S03629,2025-09-24,apple tart,2,11.00,paid
S03630,2025-09-24,cinnamon bun,2,8.50,paid
S03631,2025-09-24,cinnamon bun,3,12.75,paid
S03632,2025-09-25,sourdough loaf,1,7.50,paid
S03633,2025-09-25,sourdough loaf,2,15.00,paid
S03634,2025-09-25,seed rye,2,16.50,paid
S03635,2025-09-25,apple tart,2,11.00,paid
S03636,2025-09-25,apple tart,2,11.00,paid
S03637,2025-09-25,apple tart,2,11.00,paid
S03638,2025-09-25,croissant,2,7.50,paid
S03639,2025-09-25,croissant,1,3.75,paid
S03640,2025-09-25,croissant,2,7.50,paid
S03641,2025-09-25,apple tart,2,11.00,paid
S03642,2025-09-26,sourdough loaf,1,7.50,paid
S03643,2025-09-26,filter coffee,2,6.00,paid
S03644,2025-09-26,seed rye,2,16.50,paid
S03645,2025-09-26,sourdough loaf,3,22.50,paid
S03646,2025-09-26,seed rye,1,8.25,paid
S03647,2025-09-26,sourdough loaf,1,7.50,paid
S03648,2025-09-26,cinnamon bun,3,12.75,paid
S03649,2025-09-26,croissant,1,3.75,paid
S03650,2025-09-26,croissant,1,3.75,paid
S03651,2025-09-26,seed rye,1,8.25,paid
S03652,2025-09-26,apple tart,1,5.50,paid
S03653,2025-09-26,seed rye,3,24.75,paid
S03654,2025-09-26,croissant,1,3.75,paid
S03655,2025-09-26,sourdough loaf,2,15.00,paid
S03656,2025-09-27,apple tart,1,5.50,paid
S03657,2025-09-27,croissant,2,7.50,paid
S03658,2025-09-27,filter coffee,2,6.00,paid
S03659,2025-09-27,croissant,1,3.75,paid
S03660,2025-09-27,seed rye,2,16.50,paid
S03661,2025-09-27,croissant,1,3.75,paid
S03662,2025-09-27,seed rye,1,8.25,paid
S03663,2025-09-27,croissant,3,11.25,paid
S03664,2025-09-27,cinnamon bun,1,4.25,paid
S03665,2025-09-27,filter coffee,2,6.00,paid
S03666,2025-09-27,cinnamon bun,1,4.25,paid
S03667,2025-09-27,seed rye,2,16.50,paid
S03668,2025-09-27,filter coffee,1,3.00,paid
S03669,2025-09-27,sourdough loaf,1,7.50,paid
S03670,2025-09-27,cinnamon bun,1,4.25,paid
S03671,2025-09-27,seed rye,1,8.25,paid
S03672,2025-09-27,seed rye,2,16.50,paid
S03673,2025-09-27,seed rye,2,16.50,void
S03674,2025-09-27,sourdough loaf,1,7.50,paid
S03675,2025-09-27,sourdough loaf,1,7.50,paid
S03676,2025-09-27,cinnamon bun,1,4.25,paid
S03677,2025-09-27,filter coffee,1,3.00,paid
S03678,2025-09-27,apple tart,2,11.00,paid
S03679,2025-09-28,filter coffee,2,6.00,paid
S03680,2025-09-28,cinnamon bun,1,4.25,paid
S03681,2025-09-28,croissant,1,3.75,paid
S03682,2025-09-28,sourdough loaf,1,7.50,paid
S03683,2025-09-28,apple tart,1,5.50,paid
S03684,2025-09-28,apple tart,2,11.00,paid
S03685,2025-09-28,croissant,1,3.75,paid
S03686,2025-09-28,cinnamon bun,3,12.75,paid
S03687,2025-09-28,apple tart,3,16.50,paid
S03688,2025-09-28,seed rye,1,8.25,paid
S03689,2025-09-28,cinnamon bun,2,8.50,paid
S03690,2025-09-28,croissant,2,7.50,paid
S03691,2025-09-28,cinnamon bun,3,12.75,paid
S03692,2025-09-28,seed rye,2,16.50,paid
S03693,2025-09-28,apple tart,1,5.50,paid
S03694,2025-09-28,filter coffee,1,3.00,paid
S03695,2025-09-29,sourdough loaf,2,15.00,paid
S03696,2025-09-29,apple tart,1,5.50,paid
S03697,2025-09-29,croissant,1,3.75,paid
S03698,2025-09-29,filter coffee,3,9.00,paid
S03699,2025-09-30,seed rye,1,8.25,paid
S03700,2025-09-30,sourdough loaf,1,7.50,paid
S03701,2025-09-30,cinnamon bun,2,8.50,paid
S03702,2025-09-30,croissant,1,3.75,paid
S03703,2025-09-30,croissant,1,,paid
S03704,2025-09-30,seed rye,3,24.75,paid
S03705,2025-09-30,seed rye,2,16.50,paid
S03706,2025-09-30,filter coffee,1,3.00,paid
S03707,2025-09-30,apple tart,3,16.50,paid
S03708,2025-09-30,croissant,1,3.75,paid
S03709,2025-09-30,sourdough loaf,1,7.50,paid
S03710,2025-09-30,seed rye,2,16.50,paid
S03711,2025-10-01,apple tart,3,16.50,paid
S03712,2025-10-01,sourdough loaf,1,7.50,paid
S03713,2025-10-01,apple tart,2,11.00,paid
S03714,2025-10-01,apple tart,3,16.50,paid
S03715,2025-10-01,croissant,2,7.50,paid
S03716,2025-10-01,croissant,1,3.75,paid
S03717,2025-10-01,croissant,3,11.25,paid
S03718,2025-10-01,cinnamon bun,2,8.50,paid
S03719,2025-10-01,seed rye,1,8.25,paid
S03720,2025-10-01,sourdough loaf,1,7.50,paid
S03721,2025-10-01,seed rye,1,8.25,paid
S03722,2025-10-01,croissant,2,7.50,paid
S03723,2025-10-01,cinnamon bun,3,12.75,paid
S03724,2025-10-02,sourdough loaf,1,7.50,paid
S03725,2025-10-02,croissant,2,7.50,paid
S03726,2025-10-02,croissant,2,7.50,paid
S03727,2025-10-02,sourdough loaf,3,22.50,paid
S03728,2025-10-02,sourdough loaf,2,15.00,paid
S03729,2025-10-02,apple tart,1,5.50,paid
S03730,2025-10-02,sourdough loaf,2,15.00,paid
S03731,2025-10-02,cinnamon bun,3,12.75,paid
S03732,2025-10-02,croissant,2,7.50,paid
S03733,2025-10-02,filter coffee,1,3.00,paid
S03734,2025-10-02,sourdough loaf,1,7.50,paid
S03735,2025-10-02,apple tart,2,11.00,paid
S03736,2025-10-02,sourdough loaf,2,15.00,paid
S03737,2025-10-03,seed rye,1,8.25,paid
S03738,2025-10-03,croissant,1,3.75,paid
S03739,2025-10-03,filter coffee,1,3.00,paid
S03740,2025-10-03,sourdough loaf,1,7.50,paid
S03741,2025-10-03,sourdough loaf,3,22.50,paid
S03742,2025-10-03,filter coffee,2,6.00,paid
S03743,2025-10-03,apple tart,1,5.50,paid
S03744,2025-10-03,croissant,1,3.75,paid
S03745,2025-10-03,seed rye,1,8.25,paid
S03746,2025-10-03,seed rye,1,8.25,paid
S03747,2025-10-03,croissant,2,7.50,paid
S03748,2025-10-03,filter coffee,3,9.00,paid
S03749,2025-10-03,seed rye,2,16.50,paid
S03750,2025-10-03,cinnamon bun,2,8.50,paid
S03751,2025-10-03,apple tart,3,16.50,paid
S03752,2025-10-03,seed rye,2,16.50,paid
S03753,2025-10-03,apple tart,1,5.50,paid
S03754,2025-10-04,sourdough loaf,1,7.50,paid
S03755,2025-10-04,seed rye,1,8.25,paid
S03756,2025-10-04,sourdough loaf,1,7.50,paid
S03757,2025-10-04,cinnamon bun,2,8.50,paid
S03758,2025-10-04,cinnamon bun,2,8.50,paid
S03759,2025-10-04,filter coffee,3,9.00,paid
S03760,2025-10-04,sourdough loaf,1,7.50,paid
S03761,2025-10-04,filter coffee,1,3.00,paid
S03762,2025-10-04,croissant,1,3.75,paid
S03763,2025-10-04,filter coffee,2,6.00,paid
S03764,2025-10-04,filter coffee,1,3.00,paid
S03765,2025-10-04,filter coffee,1,3.00,paid
S03766,2025-10-04,sourdough loaf,1,7.50,paid
S03767,2025-10-04,apple tart,2,11.00,paid
S03768,2025-10-04,croissant,1,3.75,paid
S03769,2025-10-04,cinnamon bun,2,8.50,paid
S03770,2025-10-04,seed rye,1,8.25,paid
S03771,2025-10-04,filter coffee,3,9.00,paid
S03772,2025-10-04,apple tart,1,5.50,paid
S03773,2025-10-04,cinnamon bun,1,,paid
S03774,2025-10-04,filter coffee,1,3.00,paid
S03775,2025-10-05,sourdough loaf,2,15.00,paid
S03776,2025-10-05,filter coffee,1,3.00,paid
S03777,2025-10-05,seed rye,2,16.50,refunded
S03778,2025-10-05,cinnamon bun,3,12.75,paid
S03779,2025-10-05,filter coffee,1,3.00,paid
S03780,2025-10-05,seed rye,1,8.25,paid
S03781,2025-10-05,cinnamon bun,2,8.50,paid
S03782,2025-10-05,seed rye,1,8.25,paid
S03783,2025-10-05,filter coffee,2,6.00,paid
S03784,2025-10-05,filter coffee,1,3.00,paid
S03785,2025-10-05,apple tart,3,16.50,paid
S03786,2025-10-05,seed rye,2,16.50,void
S03787,2025-10-05,croissant,1,3.75,paid
S03788,2025-10-05,sourdough loaf,3,22.50,paid
S03789,2025-10-05,filter coffee,2,6.00,paid
S03790,2025-10-05,seed rye,2,16.50,refunded
S03791,2025-10-05,cinnamon bun,2,8.50,paid
S03791,2025-10-05,cinnamon bun,2,8.50,paid
S03792,2025-10-05,seed rye,1,8.25,paid
S03793,2025-10-05,filter coffee,1,3.00,paid
S03794,2025-10-05,sourdough loaf,2,15.00,paid
S03795,2025-10-05,seed rye,1,8.25,void
S03796,2025-10-05,croissant,2,7.50,paid
S03797,2025-10-06,sourdough loaf,1,7.50,paid
S03798,2025-10-06,filter coffee,2,6.00,void
S03799,2025-10-06,croissant,1,,paid
S03800,2025-10-06,apple tart,1,5.50,paid
S03801,2025-10-06,seed rye,2,16.50,paid
S03802,2025-10-07,filter coffee,3,9.00,paid
S03803,2025-10-07,apple tart,2,11.00,paid
S03804,2025-10-07,sourdough loaf,2,15.00,paid
S03805,2025-10-07,cinnamon bun,1,4.25,paid
S03806,2025-10-07,apple tart,2,11.00,paid
S03807,2025-10-07,seed rye,2,16.50,paid
S03808,2025-10-07,filter coffee,1,3.00,paid
S03809,2025-10-07,croissant,2,7.50,paid
S03810,2025-10-07,apple tart,2,11.00,void
S03811,2025-10-08,cinnamon bun,1,4.25,paid
S03812,2025-10-08,apple tart,2,11.00,paid
S03813,2025-10-08,apple tart,1,5.50,paid
S03814,2025-10-08,seed rye,2,16.50,paid
S03815,2025-10-08,cinnamon bun,1,4.25,paid
S03816,2025-10-08,cinnamon bun,2,8.50,paid
S03817,2025-10-08,seed rye,1,8.25,paid
S03818,2025-10-08,seed rye,2,16.50,paid
S03819,2025-10-08,cinnamon bun,1,4.25,paid
S03820,2025-10-08,apple tart,1,5.50,paid
S03821,2025-10-09,apple tart,1,5.50,paid
S03822,2025-10-09,croissant,3,11.25,paid
S03823,2025-10-09,seed rye,2,16.50,paid
S03824,2025-10-09,cinnamon bun,2,8.50,paid
S03825,2025-10-09,cinnamon bun,3,12.75,paid
S03826,2025-10-09,cinnamon bun,1,4.25,paid
S03827,2025-10-09,seed rye,1,8.25,paid
S03828,2025-10-09,sourdough loaf,1,7.50,paid
S03829,2025-10-09,filter coffee,1,3.00,paid
S03830,2025-10-09,sourdough loaf,2,15.00,paid
S03831,2025-10-10,apple tart,3,16.50,paid
S03832,2025-10-10,seed rye,1,8.25,paid
S03833,2025-10-10,croissant,1,3.75,paid
S03834,2025-10-10,apple tart,1,5.50,paid
S03835,2025-10-10,cinnamon bun,2,8.50,paid
S03836,2025-10-10,sourdough loaf,2,15.00,paid
S03837,2025-10-10,cinnamon bun,3,12.75,paid
S03838,2025-10-10,filter coffee,1,3.00,paid
S03839,2025-10-10,sourdough loaf,1,7.50,paid
S03840,2025-10-10,sourdough loaf,1,7.50,paid
S03841,2025-10-10,sourdough loaf,1,7.50,paid
S03842,2025-10-10,seed rye,3,24.75,paid
S03843,2025-10-11,apple tart,3,16.50,paid
S03844,2025-10-11,apple tart,1,5.50,paid
S03845,2025-10-11,apple tart,1,5.50,paid
S03846,2025-10-11,croissant,3,11.25,paid
S03847,2025-10-11,seed rye,2,16.50,paid
S03848,2025-10-11,cinnamon bun,1,4.25,paid
S03849,2025-10-11,filter coffee,2,6.00,paid
S03850,2025-10-11,apple tart,2,11.00,paid
S03851,2025-10-11,croissant,2,7.50,paid
S03852,2025-10-11,seed rye,2,16.50,paid
S03853,2025-10-11,apple tart,1,5.50,paid
S03854,2025-10-11,cinnamon bun,1,4.25,paid
S03855,2025-10-11,croissant,1,3.75,paid
S03856,2025-10-11,sourdough loaf,2,15.00,paid
S03857,2025-10-11,apple tart,3,16.50,paid
S03858,2025-10-11,seed rye,1,8.25,paid
S03859,2025-10-11,apple tart,3,16.50,refunded
S03860,2025-10-11,sourdough loaf,2,15.00,paid
S03861,2025-10-11,sourdough loaf,2,15.00,paid
S03862,2025-10-11,sourdough loaf,2,15.00,paid
S03863,2025-10-11,sourdough loaf,1,7.50,paid
S03864,2025-10-11,sourdough loaf,1,7.50,paid
S03865,2025-10-11,cinnamon bun,1,4.25,paid
S03866,2025-10-12,cinnamon bun,1,4.25,paid
S03867,2025-10-12,filter coffee,3,9.00,paid
S03868,2025-10-12,sourdough loaf,3,22.50,paid
S03869,2025-10-12,seed rye,3,24.75,paid
S03870,2025-10-12,apple tart,1,5.50,paid
S03871,2025-10-12,filter coffee,1,3.00,paid
S03872,2025-10-12,cinnamon bun,3,12.75,paid
S03873,2025-10-12,sourdough loaf,2,15.00,paid
S03874,2025-10-12,filter coffee,1,3.00,paid
S03875,2025-10-12,croissant,3,11.25,paid
S03875,2025-10-12,croissant,3,11.25,paid
S03876,2025-10-12,cinnamon bun,1,4.25,paid
S03877,2025-10-12,seed rye,1,8.25,paid
S03878,2025-10-12,sourdough loaf,2,15.00,paid
S03879,2025-10-12,seed rye,1,8.25,paid
S03880,2025-10-12,apple tart,3,16.50,paid
S03881,2025-10-13,sourdough loaf,1,7.50,paid
S03882,2025-10-13,cinnamon bun,2,8.50,paid
S03883,2025-10-13,seed rye,1,8.25,paid
S03884,2025-10-13,apple tart,3,16.50,paid
S03885,2025-10-14,apple tart,1,5.50,paid
S03886,2025-10-14,cinnamon bun,1,4.25,paid
S03887,2025-10-14,filter coffee,2,6.00,paid
S03888,2025-10-14,sourdough loaf,2,15.00,paid
S03889,2025-10-14,croissant,1,3.75,paid
S03890,2025-10-14,seed rye,1,8.25,paid
S03891,2025-10-15,cinnamon bun,2,8.50,paid
S03892,2025-10-15,croissant,2,7.50,paid
S03893,2025-10-15,apple tart,3,16.50,paid
S03894,2025-10-15,sourdough loaf,2,15.00,paid
S03895,2025-10-15,filter coffee,2,6.00,paid
S03896,2025-10-15,croissant,3,11.25,paid
S03897,2025-10-15,filter coffee,1,3.00,paid
S03898,2025-10-15,filter coffee,2,6.00,paid
S03899,2025-10-15,cinnamon bun,2,8.50,paid
S03900,2025-10-15,seed rye,2,16.50,paid
S03901,2025-10-15,sourdough loaf,1,7.50,paid
S03902,2025-10-15,sourdough loaf,1,7.50,refunded
S03903,2025-10-15,filter coffee,1,3.00,paid
S03903,2025-10-15,filter coffee,1,3.00,paid
S03904,2025-10-16,seed rye,1,8.25,paid
S03905,2025-10-16,seed rye,2,16.50,paid
S03906,2025-10-16,filter coffee,2,6.00,paid
S03907,2025-10-16,cinnamon bun,1,4.25,paid
S03908,2025-10-16,croissant,3,11.25,paid
S03909,2025-10-16,sourdough loaf,1,7.50,paid
S03910,2025-10-16,filter coffee,1,3.00,paid
S03911,2025-10-16,apple tart,2,11.00,paid
S03912,2025-10-16,filter coffee,1,3.00,paid
S03913,2025-10-16,filter coffee,2,6.00,paid
S03914,2025-10-16,seed rye,1,8.25,paid
S03915,2025-10-16,cinnamon bun,1,4.25,paid
S03916,2025-10-16,sourdough loaf,3,22.50,paid
S03917,2025-10-16,sourdough loaf,3,22.50,paid
S03918,2025-10-16,cinnamon bun,2,8.50,paid
S03919,2025-10-17,apple tart,1,5.50,paid
S03920,2025-10-17,croissant,2,7.50,paid
S03921,2025-10-17,apple tart,1,5.50,paid
S03922,2025-10-17,filter coffee,3,9.00,paid
S03923,2025-10-17,seed rye,2,16.50,refunded
S03924,2025-10-17,apple tart,3,16.50,paid
S03925,2025-10-17,apple tart,2,11.00,paid
S03926,2025-10-17,cinnamon bun,2,8.50,paid
S03927,2025-10-17,cinnamon bun,2,8.50,paid
S03928,2025-10-17,seed rye,2,16.50,paid
S03929,2025-10-17,apple tart,1,5.50,paid
S03930,2025-10-17,sourdough loaf,2,15.00,paid
S03931,2025-10-17,seed rye,2,16.50,refunded
S03932,2025-10-17,filter coffee,1,3.00,paid
S03933,2025-10-18,filter coffee,2,6.00,paid
S03934,2025-10-18,croissant,2,7.50,paid
S03935,2025-10-18,filter coffee,1,3.00,paid
S03936,2025-10-18,apple tart,1,5.50,paid
S03937,2025-10-18,croissant,1,3.75,paid
S03938,2025-10-18,apple tart,1,5.50,paid
S03939,2025-10-18,croissant,2,7.50,paid
S03940,2025-10-18,apple tart,3,16.50,paid
S03941,2025-10-18,filter coffee,2,6.00,paid
S03942,2025-10-18,cinnamon bun,1,4.25,paid
S03943,2025-10-18,croissant,3,11.25,paid
S03944,2025-10-18,filter coffee,1,3.00,paid
S03945,2025-10-18,apple tart,3,16.50,paid
S03946,2025-10-18,seed rye,3,24.75,paid
S03947,2025-10-18,apple tart,2,11.00,paid
S03948,2025-10-18,filter coffee,3,9.00,paid
S03949,2025-10-18,seed rye,1,8.25,paid
S03950,2025-10-18,apple tart,1,5.50,paid
S03951,2025-10-18,sourdough loaf,1,7.50,paid
S03952,2025-10-18,cinnamon bun,3,12.75,paid
S03953,2025-10-18,croissant,2,7.50,paid
S03954,2025-10-18,cinnamon bun,2,8.50,paid
S03955,2025-10-18,filter coffee,1,3.00,paid
S03956,2025-10-18,apple tart,1,5.50,paid
S03957,2025-10-18,croissant,1,3.75,paid
S03958,2025-10-18,seed rye,2,16.50,paid
S03959,2025-10-18,sourdough loaf,2,15.00,paid
S03960,2025-10-18,croissant,2,7.50,paid
S03961,2025-10-19,sourdough loaf,3,22.50,paid
S03962,2025-10-19,apple tart,1,5.50,paid
S03963,2025-10-19,seed rye,2,16.50,paid
S03964,2025-10-19,filter coffee,1,3.00,paid
S03965,2025-10-19,seed rye,1,8.25,paid
S03966,2025-10-19,apple tart,2,11.00,paid
S03967,2025-10-19,croissant,3,11.25,paid
S03968,2025-10-19,croissant,3,11.25,paid
S03969,2025-10-19,apple tart,2,11.00,paid
S03970,2025-10-19,sourdough loaf,2,15.00,paid
S03971,2025-10-19,filter coffee,1,3.00,refunded
S03972,2025-10-19,seed rye,2,16.50,paid
S03973,2025-10-19,croissant,2,7.50,paid
S03974,2025-10-19,seed rye,3,24.75,paid
S03975,2025-10-19,cinnamon bun,1,4.25,paid
S03976,2025-10-19,seed rye,2,16.50,paid
S03977,2025-10-19,croissant,3,11.25,paid
S03978,2025-10-20,seed rye,1,8.25,paid
S03979,2025-10-20,croissant,3,11.25,paid
S03980,2025-10-20,croissant,1,3.75,paid
S03981,2025-10-21,apple tart,3,16.50,paid
S03982,2025-10-21,seed rye,3,24.75,paid
S03983,2025-10-21,cinnamon bun,1,4.25,paid
S03984,2025-10-21,cinnamon bun,1,4.25,paid
S03985,2025-10-21,seed rye,1,8.25,paid
S03986,2025-10-21,apple tart,3,16.50,paid
S03987,2025-10-21,sourdough loaf,2,15.00,paid
S03988,2025-10-21,cinnamon bun,1,4.25,paid
S03989,2025-10-21,apple tart,1,5.50,paid
S03990,2025-10-21,cinnamon bun,3,12.75,paid
S03991,2025-10-21,seed rye,1,8.25,paid
S03992,2025-10-21,apple tart,1,5.50,paid
S03993,2025-10-21,sourdough loaf,2,15.00,paid
S03994,2025-10-21,seed rye,1,8.25,paid
S03995,2025-10-21,sourdough loaf,2,15.00,paid
S03996,2025-10-21,apple tart,2,11.00,paid
S03997,2025-10-21,filter coffee,3,9.00,paid
S03998,2025-10-22,apple tart,1,5.50,void
S03999,2025-10-22,cinnamon bun,3,12.75,paid
S04000,2025-10-22,sourdough loaf,1,7.50,paid
S04001,2025-10-22,apple tart,3,16.50,paid
S04002,2025-10-22,croissant,3,11.25,paid
S04003,2025-10-22,cinnamon bun,2,8.50,paid
S04004,2025-10-22,seed rye,3,24.75,paid
S04005,2025-10-22,seed rye,2,16.50,refunded
S04006,2025-10-22,apple tart,1,5.50,paid
S04007,2025-10-22,croissant,3,11.25,paid
S04008,2025-10-22,cinnamon bun,1,4.25,paid
S04009,2025-10-22,apple tart,1,5.50,paid
S04010,2025-10-22,seed rye,1,8.25,paid
S04011,2025-10-22,croissant,2,7.50,paid
S04012,2025-10-23,sourdough loaf,2,15.00,paid
S04013,2025-10-23,filter coffee,1,3.00,paid
S04014,2025-10-23,filter coffee,2,6.00,paid
S04015,2025-10-23,cinnamon bun,1,4.25,void
S04016,2025-10-23,croissant,2,7.50,paid
S04017,2025-10-23,seed rye,1,8.25,paid
S04018,2025-10-23,cinnamon bun,3,12.75,paid
S04019,2025-10-23,filter coffee,3,9.00,paid
S04020,2025-10-23,cinnamon bun,1,4.25,paid
S04021,2025-10-23,croissant,2,7.50,paid
S04022,2025-10-23,filter coffee,1,3.00,paid
S04023,2025-10-23,cinnamon bun,1,4.25,paid
S04024,2025-10-23,croissant,2,7.50,paid
S04025,2025-10-23,apple tart,1,5.50,paid
S04026,2025-10-24,apple tart,1,5.50,paid
S04027,2025-10-24,seed rye,3,24.75,paid
S04028,2025-10-24,croissant,2,7.50,paid
S04029,2025-10-24,apple tart,1,5.50,paid
S04030,2025-10-24,cinnamon bun,1,4.25,paid
S04031,2025-10-24,apple tart,1,5.50,paid
S04032,2025-10-24,apple tart,2,11.00,paid
S04033,2025-10-24,sourdough loaf,1,7.50,paid
S04034,2025-10-24,croissant,1,3.75,paid
S04035,2025-10-24,croissant,2,7.50,paid
S04036,2025-10-24,apple tart,1,5.50,paid
S04037,2025-10-24,apple tart,2,11.00,paid
S04038,2025-10-24,apple tart,3,16.50,paid
S04039,2025-10-25,seed rye,1,8.25,paid
S04040,2025-10-25,seed rye,1,8.25,paid
S04041,2025-10-25,filter coffee,1,3.00,paid
S04042,2025-10-25,croissant,3,11.25,paid
S04043,2025-10-25,croissant,1,3.75,refunded
S04044,2025-10-25,filter coffee,1,3.00,paid
S04045,2025-10-25,cinnamon bun,1,4.25,paid
S04046,2025-10-25,cinnamon bun,1,4.25,paid
S04047,2025-10-25,cinnamon bun,1,4.25,paid
S04048,2025-10-25,croissant,1,3.75,paid
S04049,2025-10-25,apple tart,1,5.50,paid
S04050,2025-10-25,cinnamon bun,2,8.50,paid
S04051,2025-10-25,sourdough loaf,3,22.50,paid
S04052,2025-10-25,apple tart,1,5.50,paid
S04053,2025-10-25,sourdough loaf,3,22.50,paid
S04054,2025-10-25,seed rye,3,24.75,paid
S04055,2025-10-25,croissant,1,3.75,paid
S04056,2025-10-25,sourdough loaf,3,22.50,paid
S04057,2025-10-25,apple tart,1,5.50,paid
S04058,2025-10-25,cinnamon bun,2,8.50,paid
S04059,2025-10-25,apple tart,1,5.50,refunded
S04060,2025-10-25,apple tart,1,5.50,paid
S04061,2025-10-25,filter coffee,1,3.00,paid
S04062,2025-10-26,cinnamon bun,1,4.25,paid
S04063,2025-10-26,croissant,3,11.25,paid
S04064,2025-10-26,seed rye,1,8.25,paid
S04065,2025-10-26,croissant,1,3.75,paid
S04066,2025-10-26,apple tart,1,5.50,paid
S04067,2025-10-26,seed rye,3,24.75,paid
S04068,2025-10-26,croissant,3,11.25,paid
S04069,2025-10-26,seed rye,3,24.75,paid
S04070,2025-10-26,seed rye,2,16.50,paid
S04071,2025-10-26,cinnamon bun,3,12.75,paid
S04072,2025-10-26,apple tart,3,16.50,refunded
S04073,2025-10-26,cinnamon bun,1,4.25,paid
S04074,2025-10-26,croissant,2,7.50,paid
S04075,2025-10-26,sourdough loaf,2,15.00,paid
S04076,2025-10-26,seed rye,1,8.25,paid
S04077,2025-10-27,cinnamon bun,1,4.25,paid
S04078,2025-10-27,apple tart,2,11.00,paid
S04079,2025-10-28,apple tart,1,5.50,paid
S04080,2025-10-28,seed rye,1,8.25,paid
S04081,2025-10-28,cinnamon bun,1,4.25,void
S04082,2025-10-28,apple tart,1,5.50,paid
S04083,2025-10-28,seed rye,2,16.50,paid
S04084,2025-10-28,filter coffee,1,3.00,paid
S04085,2025-10-28,croissant,2,7.50,paid
S04086,2025-10-29,sourdough loaf,1,,paid
S04087,2025-10-29,sourdough loaf,3,22.50,paid
S04088,2025-10-29,sourdough loaf,1,7.50,paid
S04089,2025-10-29,cinnamon bun,1,4.25,paid
S04090,2025-10-29,seed rye,1,8.25,paid
S04091,2025-10-29,croissant,2,7.50,paid
S04092,2025-10-29,apple tart,2,11.00,paid
S04093,2025-10-29,seed rye,2,16.50,paid
S04094,2025-10-30,cinnamon bun,2,8.50,paid
S04095,2025-10-30,filter coffee,3,9.00,paid
S04096,2025-10-30,seed rye,2,16.50,paid
S04097,2025-10-30,croissant,1,3.75,paid
S04098,2025-10-30,sourdough loaf,1,7.50,paid
S04099,2025-10-30,filter coffee,2,6.00,paid
S04100,2025-10-30,croissant,1,3.75,paid
S04101,2025-10-30,croissant,3,11.25,paid
S04102,2025-10-30,sourdough loaf,1,7.50,paid
S04103,2025-10-30,cinnamon bun,3,12.75,paid
S04104,2025-10-30,filter coffee,1,3.00,paid
S04105,2025-10-30,seed rye,3,24.75,paid
S04106,2025-10-30,sourdough loaf,2,15.00,paid
S04107,2025-10-30,sourdough loaf,1,7.50,paid
S04108,2025-10-30,apple tart,1,5.50,paid
S04109,2025-10-31,sourdough loaf,1,7.50,paid
S04110,2025-10-31,apple tart,3,16.50,paid
S04111,2025-10-31,seed rye,2,16.50,paid
S04112,2025-10-31,croissant,1,3.75,paid
S04113,2025-10-31,filter coffee,1,3.00,paid
S04114,2025-10-31,filter coffee,3,9.00,paid
S04115,2025-10-31,sourdough loaf,2,15.00,paid
S04116,2025-10-31,croissant,3,11.25,paid
S04117,2025-10-31,filter coffee,2,6.00,paid
S04118,2025-10-31,filter coffee,1,3.00,paid
S04119,2025-10-31,cinnamon bun,2,8.50,paid
S04120,2025-10-31,cinnamon bun,1,4.25,paid
S04121,2025-10-31,cinnamon bun,1,4.25,paid
S04122,2025-10-31,croissant,1,3.75,paid
S04123,2025-10-31,filter coffee,1,3.00,paid
S04124,2025-11-01,seed rye,1,8.25,paid
S04125,2025-11-01,seed rye,1,8.25,paid
S04126,2025-11-01,filter coffee,1,3.00,paid
S04127,2025-11-01,seed rye,1,8.25,paid
S04128,2025-11-01,cinnamon bun,1,4.25,paid
S04129,2025-11-01,seed rye,2,16.50,paid
S04130,2025-11-01,filter coffee,2,6.00,paid
S04131,2025-11-01,croissant,2,7.50,paid
S04132,2025-11-01,seed rye,1,8.25,paid
S04133,2025-11-01,apple tart,1,5.50,paid
S04134,2025-11-01,seed rye,3,24.75,paid
S04135,2025-11-01,croissant,3,11.25,paid
S04136,2025-11-01,apple tart,1,5.50,paid
S04137,2025-11-01,apple tart,2,11.00,refunded
S04138,2025-11-01,sourdough loaf,3,22.50,paid
S04139,2025-11-01,cinnamon bun,3,12.75,paid
S04140,2025-11-01,seed rye,2,16.50,paid
S04141,2025-11-01,apple tart,1,5.50,paid
S04142,2025-11-01,seed rye,1,8.25,paid
S04143,2025-11-01,seed rye,1,8.25,paid
S04144,2025-11-01,croissant,2,7.50,paid
S04145,2025-11-01,croissant,1,3.75,paid
S04146,2025-11-01,sourdough loaf,1,7.50,paid
S04147,2025-11-01,cinnamon bun,2,8.50,paid
S04148,2025-11-02,apple tart,1,5.50,paid
S04149,2025-11-02,sourdough loaf,2,15.00,paid
S04150,2025-11-02,cinnamon bun,1,4.25,paid
S04151,2025-11-02,seed rye,3,24.75,paid
S04152,2025-11-02,sourdough loaf,2,15.00,paid
S04153,2025-11-02,seed rye,1,8.25,paid
S04154,2025-11-02,sourdough loaf,1,7.50,paid
S04155,2025-11-02,sourdough loaf,1,7.50,paid
S04156,2025-11-02,apple tart,1,5.50,paid
S04157,2025-11-02,seed rye,2,16.50,paid
S04158,2025-11-02,filter coffee,1,3.00,paid
S04159,2025-11-02,seed rye,1,8.25,paid
S04160,2025-11-02,sourdough loaf,2,15.00,paid
S04161,2025-11-02,croissant,3,11.25,paid
S04162,2025-11-02,seed rye,1,8.25,void
S04163,2025-11-02,croissant,1,3.75,paid
S04164,2025-11-02,filter coffee,2,6.00,paid
S04165,2025-11-02,apple tart,1,5.50,paid
S04166,2025-11-02,apple tart,2,11.00,paid
S04167,2025-11-02,filter coffee,2,6.00,paid
S04168,2025-11-02,croissant,1,3.75,paid
S04169,2025-11-03,filter coffee,1,3.00,paid
S04170,2025-11-03,seed rye,1,8.25,paid
S04171,2025-11-03,croissant,3,11.25,paid
S04172,2025-11-03,apple tart,1,5.50,paid
S04173,2025-11-03,seed rye,1,8.25,paid
S04174,2025-11-03,croissant,1,3.75,paid
S04175,2025-11-04,croissant,1,3.75,paid
S04176,2025-11-04,croissant,2,7.50,paid
S04177,2025-11-04,sourdough loaf,1,7.50,paid
S04178,2025-11-04,sourdough loaf,3,22.50,paid
S04179,2025-11-04,apple tart,2,11.00,paid
S04180,2025-11-04,cinnamon bun,3,12.75,paid
S04181,2025-11-04,seed rye,2,16.50,paid
S04182,2025-11-04,cinnamon bun,2,8.50,paid
S04183,2025-11-04,filter coffee,2,6.00,paid
S04184,2025-11-04,sourdough loaf,3,22.50,paid
S04185,2025-11-04,sourdough loaf,1,7.50,paid
S04186,2025-11-04,sourdough loaf,1,7.50,paid
S04187,2025-11-04,croissant,1,3.75,paid
S04188,2025-11-04,seed rye,3,24.75,paid
S04189,2025-11-04,apple tart,1,5.50,paid
S04190,2025-11-05,cinnamon bun,1,4.25,paid
S04191,2025-11-05,filter coffee,1,3.00,paid
S04192,2025-11-05,seed rye,2,16.50,paid
S04193,2025-11-05,seed rye,2,16.50,paid
S04194,2025-11-05,sourdough loaf,2,15.00,paid
S04195,2025-11-05,cinnamon bun,1,4.25,paid
S04196,2025-11-05,croissant,2,7.50,paid
S04197,2025-11-05,sourdough loaf,3,22.50,paid
S04198,2025-11-05,cinnamon bun,2,8.50,paid
S04199,2025-11-05,croissant,1,3.75,paid
S04200,2025-11-05,apple tart,2,11.00,paid
S04201,2025-11-06,sourdough loaf,3,22.50,paid
S04202,2025-11-06,seed rye,3,24.75,paid
S04203,2025-11-06,apple tart,1,5.50,paid
S04204,2025-11-06,apple tart,2,11.00,paid
S04205,2025-11-06,croissant,2,7.50,paid
S04206,2025-11-06,croissant,2,7.50,void
S04207,2025-11-06,croissant,2,7.50,paid
S04208,2025-11-06,seed rye,1,8.25,paid
S04209,2025-11-06,croissant,2,7.50,paid
S04210,2025-11-06,seed rye,2,16.50,void
S04211,2025-11-06,sourdough loaf,2,15.00,paid
S04212,2025-11-06,filter coffee,1,3.00,paid
S04213,2025-11-07,sourdough loaf,1,7.50,paid
S04214,2025-11-07,filter coffee,2,6.00,paid
S04215,2025-11-07,filter coffee,2,6.00,paid
S04216,2025-11-07,apple tart,2,11.00,paid
S04217,2025-11-07,apple tart,3,16.50,paid
S04218,2025-11-07,seed rye,1,8.25,paid
S04219,2025-11-07,filter coffee,2,6.00,paid
S04220,2025-11-07,cinnamon bun,3,12.75,paid
S04221,2025-11-07,croissant,1,3.75,paid
S04222,2025-11-07,cinnamon bun,3,12.75,paid
S04223,2025-11-07,seed rye,1,8.25,paid
S04224,2025-11-07,filter coffee,2,6.00,paid
S04225,2025-11-07,apple tart,1,5.50,paid
S04226,2025-11-07,sourdough loaf,2,15.00,paid
S04227,2025-11-08,apple tart,3,16.50,paid
S04228,2025-11-08,seed rye,1,8.25,paid
S04229,2025-11-08,apple tart,2,11.00,paid
S04230,2025-11-08,apple tart,1,5.50,paid
S04231,2025-11-08,filter coffee,1,3.00,paid
S04232,2025-11-08,croissant,1,3.75,paid
S04233,2025-11-08,filter coffee,1,3.00,paid
S04234,2025-11-08,croissant,2,7.50,paid
S04235,2025-11-08,cinnamon bun,1,4.25,paid
S04236,2025-11-08,croissant,3,11.25,paid
S04237,2025-11-08,apple tart,3,16.50,paid
S04238,2025-11-08,filter coffee,3,9.00,paid
S04239,2025-11-08,sourdough loaf,2,15.00,paid
S04240,2025-11-08,croissant,3,11.25,paid
S04241,2025-11-08,cinnamon bun,1,4.25,paid
S04242,2025-11-08,filter coffee,2,6.00,paid
S04243,2025-11-08,filter coffee,3,9.00,paid
S04244,2025-11-08,sourdough loaf,2,15.00,paid
S04245,2025-11-08,sourdough loaf,1,7.50,paid
S04246,2025-11-08,filter coffee,2,6.00,paid
S04247,2025-11-08,sourdough loaf,1,7.50,paid
S04248,2025-11-08,cinnamon bun,1,4.25,paid
S04249,2025-11-08,croissant,1,3.75,paid
S04250,2025-11-09,seed rye,2,16.50,paid
S04251,2025-11-09,cinnamon bun,1,4.25,paid
S04252,2025-11-09,cinnamon bun,2,8.50,paid
S04253,2025-11-09,sourdough loaf,2,15.00,paid
S04254,2025-11-09,apple tart,2,11.00,paid
S04255,2025-11-09,croissant,2,7.50,paid
S04256,2025-11-09,seed rye,2,16.50,paid
S04257,2025-11-09,filter coffee,2,6.00,paid
S04258,2025-11-09,filter coffee,3,9.00,paid
S04259,2025-11-09,sourdough loaf,2,15.00,paid
S04260,2025-11-09,croissant,3,11.25,paid
S04261,2025-11-09,seed rye,1,8.25,paid
S04262,2025-11-09,croissant,1,3.75,paid
S04263,2025-11-09,filter coffee,1,3.00,paid
S04264,2025-11-09,sourdough loaf,2,15.00,paid
S04265,2025-11-09,seed rye,1,8.25,paid
S04266,2025-11-09,sourdough loaf,1,7.50,paid
S04267,2025-11-09,apple tart,2,11.00,paid
S04268,2025-11-10,apple tart,1,5.50,paid
S04269,2025-11-11,cinnamon bun,2,8.50,paid
S04270,2025-11-11,seed rye,1,8.25,paid
S04271,2025-11-11,apple tart,3,16.50,paid
S04272,2025-11-11,seed rye,2,16.50,paid
S04273,2025-11-11,croissant,1,3.75,paid
S04274,2025-11-11,filter coffee,2,6.00,void
S04275,2025-11-11,filter coffee,1,3.00,paid
S04276,2025-11-11,cinnamon bun,1,4.25,paid
S04277,2025-11-12,sourdough loaf,2,15.00,paid
S04278,2025-11-12,apple tart,2,11.00,paid
S04279,2025-11-12,apple tart,2,11.00,paid
S04280,2025-11-12,apple tart,2,11.00,paid
S04281,2025-11-12,croissant,1,3.75,paid
S04282,2025-11-12,sourdough loaf,2,15.00,paid
S04283,2025-11-12,cinnamon bun,2,8.50,paid
S04284,2025-11-12,sourdough loaf,1,7.50,paid
S04285,2025-11-12,filter coffee,1,3.00,paid
S04286,2025-11-12,seed rye,1,8.25,paid
S04287,2025-11-12,sourdough loaf,1,7.50,paid
S04288,2025-11-12,seed rye,2,16.50,paid
S04289,2025-11-12,seed rye,2,16.50,paid
S04290,2025-11-12,cinnamon bun,1,4.25,paid
S04291,2025-11-13,filter coffee,1,3.00,paid
S04292,2025-11-13,sourdough loaf,2,15.00,paid
S04293,2025-11-13,croissant,1,3.75,paid
S04294,2025-11-13,filter coffee,2,6.00,paid
S04295,2025-11-13,seed rye,1,8.25,paid
S04296,2025-11-13,apple tart,1,5.50,paid
S04297,2025-11-13,apple tart,3,16.50,paid
S04298,2025-11-13,sourdough loaf,1,7.50,paid
S04299,2025-11-13,apple tart,1,5.50,paid
S04300,2025-11-13,sourdough loaf,2,15.00,paid
S04301,2025-11-13,seed rye,3,24.75,void
S04302,2025-11-13,sourdough loaf,2,15.00,paid
S04303,2025-11-13,apple tart,1,5.50,paid
S04304,2025-11-13,croissant,2,7.50,paid
S04305,2025-11-14,seed rye,1,8.25,paid
S04306,2025-11-14,croissant,1,3.75,paid
S04307,2025-11-14,sourdough loaf,2,15.00,paid
S04308,2025-11-14,seed rye,1,8.25,paid
S04309,2025-11-14,sourdough loaf,3,22.50,paid
S04310,2025-11-14,sourdough loaf,2,15.00,paid
S04311,2025-11-14,croissant,1,3.75,paid
S04312,2025-11-14,seed rye,1,8.25,paid
S04313,2025-11-14,cinnamon bun,1,4.25,paid
S04314,2025-11-14,cinnamon bun,1,4.25,paid
S04315,2025-11-14,filter coffee,1,3.00,paid
S04316,2025-11-14,apple tart,1,5.50,paid
S04317,2025-11-14,sourdough loaf,1,7.50,paid
S04318,14/11/2025,apple tart,1,5.50,paid
S04319,2025-11-14,sourdough loaf,2,15.00,paid
S04320,2025-11-15,filter coffee,2,6.00,paid
S04321,2025-11-15,seed rye,2,16.50,paid
S04322,2025-11-15,seed rye,1,8.25,paid
S04323,2025-11-15,sourdough loaf,2,15.00,paid
S04324,2025-11-15,sourdough loaf,3,22.50,paid
S04325,2025-11-15,filter coffee,2,6.00,paid
S04326,2025-11-15,croissant,2,7.50,paid
S04327,2025-11-15,apple tart,1,5.50,paid
S04328,2025-11-15,cinnamon bun,1,4.25,paid
S04329,2025-11-15,filter coffee,1,3.00,paid
S04330,2025-11-15,cinnamon bun,2,8.50,paid
S04331,2025-11-15,croissant,3,11.25,paid
S04332,2025-11-15,cinnamon bun,1,4.25,paid
S04333,2025-11-15,seed rye,3,24.75,paid
S04334,2025-11-15,cinnamon bun,1,4.25,paid
S04335,2025-11-15,cinnamon bun,3,12.75,paid
S04336,2025-11-15,seed rye,2,16.50,paid
S04337,2025-11-15,sourdough loaf,2,15.00,paid
S04338,2025-11-15,cinnamon bun,3,12.75,paid
S04339,2025-11-15,croissant,1,3.75,paid
S04340,2025-11-15,seed rye,3,24.75,paid
S04341,2025-11-15,seed rye,3,24.75,paid
S04342,2025-11-15,seed rye,1,8.25,paid
S04343,2025-11-15,seed rye,1,8.25,paid
S04344,2025-11-16,cinnamon bun,1,4.25,paid
S04345,2025-11-16,cinnamon bun,3,12.75,paid
S04346,2025-11-16,seed rye,2,16.50,void
S04347,2025-11-16,cinnamon bun,1,4.25,paid
S04348,2025-11-16,sourdough loaf,2,15.00,paid
S04349,2025-11-16,sourdough loaf,2,15.00,paid
S04350,2025-11-16,filter coffee,3,9.00,paid
S04351,2025-11-16,sourdough loaf,1,7.50,paid
S04352,2025-11-16,sourdough loaf,1,7.50,paid
S04353,2025-11-16,apple tart,1,5.50,paid
S04354,2025-11-16,cinnamon bun,2,8.50,paid
S04355,2025-11-16,cinnamon bun,1,4.25,paid
S04356,2025-11-16,seed rye,3,24.75,paid
S04357,2025-11-16,sourdough loaf,3,22.50,paid
S04358,2025-11-17,apple tart,2,11.00,paid
S04359,2025-11-18,croissant,2,7.50,paid
S04360,2025-11-18,apple tart,1,5.50,paid
S04361,2025-11-18,sourdough loaf,2,15.00,paid
S04362,2025-11-18,cinnamon bun,2,8.50,paid
S04363,2025-11-18,filter coffee,1,3.00,void
S04364,2025-11-18,seed rye,2,16.50,paid
S04365,2025-11-18,croissant,3,11.25,paid
S04366,2025-11-18,sourdough loaf,3,22.50,paid
S04367,2025-11-18,apple tart,1,5.50,paid
S04368,2025-11-18,sourdough loaf,1,7.50,paid
S04369,2025-11-19,cinnamon bun,1,4.25,paid
S04370,2025-11-19,seed rye,1,8.25,paid
S04371,2025-11-19,filter coffee,1,3.00,paid
S04372,2025-11-19,seed rye,2,16.50,paid
S04373,2025-11-19,croissant,2,7.50,paid
S04373,2025-11-19,croissant,2,7.50,paid
S04374,2025-11-19,sourdough loaf,1,7.50,paid
S04375,2025-11-19,sourdough loaf,3,22.50,paid
S04376,2025-11-19,cinnamon bun,1,4.25,paid
S04377,2025-11-19,croissant,1,3.75,paid
S04378,2025-11-19,apple tart,2,,paid
S04379,2025-11-19,croissant,1,3.75,paid
S04380,2025-11-19,filter coffee,2,6.00,paid
S04381,2025-11-20,apple tart,1,5.50,paid
S04382,2025-11-20,seed rye,2,16.50,paid
S04383,2025-11-20,seed rye,2,16.50,paid
S04384,2025-11-20,seed rye,1,8.25,paid
S04385,2025-11-20,apple tart,1,5.50,paid
S04386,2025-11-20,filter coffee,2,6.00,paid
S04387,2025-11-20,sourdough loaf,2,15.00,paid
S04388,2025-11-20,croissant,1,3.75,paid
S04389,2025-11-20,filter coffee,1,3.00,paid
S04390,2025-11-20,croissant,3,11.25,refunded
S04391,2025-11-20,cinnamon bun,1,4.25,paid
S04392,2025-11-21,croissant,2,7.50,paid
S04393,2025-11-21,cinnamon bun,2,8.50,paid
S04394,2025-11-21,cinnamon bun,1,4.25,paid
S04395,2025-11-21,sourdough loaf,3,22.50,paid
S04396,2025-11-21,cinnamon bun,1,4.25,paid
S04397,2025-11-21,filter coffee,3,9.00,paid
S04398,2025-11-21,croissant,1,3.75,paid
S04399,2025-11-21,cinnamon bun,1,4.25,paid
S04400,2025-11-21,apple tart,2,11.00,paid
S04401,2025-11-21,filter coffee,3,9.00,paid
S04402,2025-11-21,sourdough loaf,1,7.50,paid
S04403,2025-11-21,sourdough loaf,1,7.50,paid
S04404,2025-11-22,filter coffee,3,9.00,paid
S04405,2025-11-22,seed rye,1,8.25,paid
S04406,2025-11-22,apple tart,1,5.50,paid
S04407,2025-11-22,seed rye,1,8.25,paid
S04408,2025-11-22,seed rye,2,16.50,void
S04409,2025-11-22,apple tart,1,5.50,paid
S04410,2025-11-22,seed rye,1,8.25,paid
S04411,2025-11-22,croissant,2,7.50,paid
S04412,2025-11-22,cinnamon bun,3,12.75,paid
S04413,2025-11-22,apple tart,1,5.50,paid
S04414,2025-11-22,filter coffee,2,6.00,paid
S04415,2025-11-22,croissant,3,11.25,paid
S04416,2025-11-22,sourdough loaf,3,22.50,paid
S04417,2025-11-22,sourdough loaf,1,7.50,paid
S04418,2025-11-22,filter coffee,2,6.00,paid
S04419,2025-11-22,seed rye,2,16.50,paid
S04420,2025-11-22,filter coffee,2,6.00,paid
S04421,2025-11-22,sourdough loaf,1,7.50,paid
S04422,2025-11-22,cinnamon bun,2,8.50,paid
S04423,2025-11-22,apple tart,2,11.00,paid
S04424,2025-11-22,cinnamon bun,3,12.75,paid
S04425,2025-11-23,sourdough loaf,2,15.00,paid
S04426,2025-11-23,apple tart,2,11.00,paid
S04427,2025-11-23,sourdough loaf,2,15.00,paid
S04428,2025-11-23,apple tart,1,5.50,paid
S04429,2025-11-23,croissant,2,7.50,paid
S04430,2025-11-23,seed rye,2,16.50,paid
S04431,2025-11-23,cinnamon bun,1,4.25,paid
S04432,2025-11-23,seed rye,1,8.25,paid
S04433,2025-11-23,filter coffee,3,9.00,paid
S04434,2025-11-23,filter coffee,2,6.00,paid
S04435,2025-11-23,seed rye,3,24.75,paid
S04436,2025-11-23,cinnamon bun,1,4.25,paid
S04437,2025-11-23,seed rye,2,16.50,paid
S04438,2025-11-23,croissant,2,7.50,paid
S04439,2025-11-23,seed rye,2,16.50,paid
S04440,2025-11-23,croissant,3,11.25,paid
S04441,2025-11-23,filter coffee,2,6.00,paid
S04442,2025-11-23,sourdough loaf,2,15.00,paid
S04443,2025-11-23,apple tart,3,16.50,paid
S04444,2025-11-23,cinnamon bun,1,4.25,paid
S04445,2025-11-23,croissant,3,11.25,paid
S04446,2025-11-24,apple tart,2,11.00,paid
S04447,2025-11-25,sourdough loaf,1,7.50,refunded
S04448,2025-11-25,sourdough loaf,2,15.00,paid
S04449,2025-11-25,croissant,1,3.75,paid
S04450,2025-11-25,seed rye,3,24.75,paid
S04451,2025-11-25,cinnamon bun,2,8.50,paid
S04452,2025-11-25,cinnamon bun,1,4.25,paid
S04453,2025-11-25,croissant,1,3.75,paid
S04454,2025-11-25,croissant,1,3.75,paid
S04455,2025-11-25,filter coffee,2,6.00,paid
S04456,2025-11-25,sourdough loaf,1,7.50,paid
S04457,2025-11-25,seed rye,2,16.50,paid
S04458,2025-11-25,sourdough loaf,1,7.50,paid
S04459,2025-11-25,croissant,3,11.25,paid
S04460,2025-11-26,cinnamon bun,2,8.50,paid
S04461,26/11/2025,cinnamon bun,1,4.25,paid
S04462,2025-11-26,croissant,2,7.50,paid
S04463,2025-11-26,filter coffee,1,3.00,paid
S04464,2025-11-26,seed rye,3,24.75,paid
S04465,2025-11-26,apple tart,2,11.00,paid
S04466,2025-11-26,seed rye,1,,paid
S04467,2025-11-26,seed rye,3,24.75,paid
S04468,2025-11-26,cinnamon bun,2,8.50,paid
S04469,2025-11-27,sourdough loaf,1,7.50,paid
S04470,2025-11-27,croissant,1,3.75,paid
S04471,2025-11-27,croissant,2,7.50,paid
S04472,2025-11-27,apple tart,3,16.50,paid
S04473,2025-11-27,croissant,3,11.25,paid
S04474,2025-11-27,cinnamon bun,2,8.50,paid
S04475,2025-11-27,sourdough loaf,1,7.50,paid
S04476,2025-11-27,filter coffee,2,6.00,paid
S04477,2025-11-27,croissant,2,7.50,paid
S04478,2025-11-27,sourdough loaf,1,7.50,paid
S04479,2025-11-27,seed rye,1,8.25,paid
S04480,2025-11-28,croissant,1,3.75,paid
S04481,2025-11-28,apple tart,2,11.00,paid
S04482,2025-11-28,apple tart,3,16.50,paid
S04483,2025-11-28,seed rye,1,8.25,paid
S04484,2025-11-28,cinnamon bun,2,8.50,paid
S04485,2025-11-28,cinnamon bun,1,4.25,paid
S04486,2025-11-28,apple tart,2,11.00,paid
S04487,2025-11-28,cinnamon bun,1,4.25,paid
S04488,2025-11-28,seed rye,1,8.25,paid
S04489,2025-11-28,seed rye,1,8.25,paid
S04490,2025-11-28,sourdough loaf,1,7.50,paid
S04491,2025-11-28,sourdough loaf,2,15.00,paid
S04492,2025-11-28,apple tart,3,16.50,paid
S04493,2025-11-28,cinnamon bun,3,12.75,paid
S04494,2025-11-29,sourdough loaf,1,7.50,paid
S04495,2025-11-29,filter coffee,1,3.00,paid
S04496,2025-11-29,cinnamon bun,1,4.25,paid
S04497,2025-11-29,filter coffee,2,6.00,paid
S04498,2025-11-29,croissant,2,7.50,paid
S04499,2025-11-29,apple tart,2,11.00,paid
S04500,2025-11-29,sourdough loaf,3,22.50,paid
S04501,2025-11-29,seed rye,1,8.25,paid
S04502,2025-11-29,seed rye,3,24.75,paid
S04503,2025-11-29,sourdough loaf,2,15.00,paid
S04504,2025-11-29,cinnamon bun,2,8.50,paid
S04505,2025-11-29,filter coffee,1,3.00,paid
S04506,2025-11-29,cinnamon bun,1,4.25,paid
S04507,2025-11-29,sourdough loaf,1,7.50,paid
S04508,2025-11-29,apple tart,1,5.50,paid
S04509,2025-11-29,apple tart,2,11.00,paid
S04510,2025-11-29,seed rye,1,8.25,paid
S04511,2025-11-29,sourdough loaf,2,15.00,paid
S04512,2025-11-29,cinnamon bun,1,4.25,refunded
S04513,2025-11-30,filter coffee,1,3.00,paid
S04514,2025-11-30,seed rye,1,8.25,paid
S04515,2025-11-30,cinnamon bun,1,4.25,paid
S04516,2025-11-30,apple tart,1,5.50,paid
S04517,2025-11-30,cinnamon bun,2,8.50,paid
S04518,2025-11-30,croissant,1,3.75,paid
S04519,2025-11-30,cinnamon bun,2,8.50,paid
S04520,2025-11-30,cinnamon bun,1,4.25,paid
S04521,2025-11-30,filter coffee,3,9.00,paid
S04522,2025-11-30,croissant,1,3.75,paid
S04523,2025-11-30,cinnamon bun,3,12.75,paid
S04524,2025-11-30,sourdough loaf,1,7.50,paid
S04525,2025-11-30,croissant,2,7.50,paid
S04526,2025-11-30,seed rye,2,16.50,paid
S04527,2025-11-30,croissant,2,7.50,paid
S04528,2025-11-30,apple tart,1,5.50,paid
S04529,2025-11-30,croissant,1,3.75,paid
S04530,2025-11-30,filter coffee,2,6.00,paid
S04531,2025-11-30,apple tart,3,16.50,paid
S04532,2025-11-30,croissant,1,3.75,paid
S04533,2025-11-30,apple tart,1,5.50,paid
S04534,2025-11-30,seed rye,2,16.50,paid
S04535,2025-12-01,croissant,1,3.75,paid
S04536,2025-12-01,sourdough loaf,3,22.50,paid
S04537,2025-12-01,croissant,2,7.50,paid
S04538,2025-12-01,cinnamon bun,1,4.25,paid
S04539,2025-12-01,sourdough loaf,1,7.50,refunded
S04540,2025-12-01,seed rye,2,16.50,paid
S04541,2025-12-01,croissant,2,7.50,paid
S04542,2025-12-02,apple tart,1,5.50,paid
S04543,2025-12-02,croissant,1,3.75,paid
S04544,2025-12-02,croissant,3,11.25,paid
S04545,2025-12-02,croissant,3,11.25,paid
S04546,2025-12-02,cinnamon bun,1,4.25,paid
S04547,2025-12-02,apple tart,3,16.50,paid
S04548,2025-12-02,seed rye,1,8.25,paid
S04549,2025-12-02,seed rye,2,16.50,paid
S04550,2025-12-02,sourdough loaf,3,22.50,paid
S04551,2025-12-02,sourdough loaf,3,22.50,paid
S04552,2025-12-02,seed rye,2,16.50,paid
S04553,2025-12-02,seed rye,1,8.25,paid
S04554,2025-12-02,cinnamon bun,2,8.50,paid
S04555,2025-12-02,apple tart,2,11.00,paid
S04556,2025-12-02,seed rye,1,8.25,paid
S04557,2025-12-02,croissant,1,3.75,paid
S04558,2025-12-03,sourdough loaf,2,15.00,paid
S04559,2025-12-03,filter coffee,1,3.00,void
S04560,2025-12-03,seed rye,2,16.50,paid
S04561,2025-12-03,seed rye,2,16.50,paid
S04562,2025-12-03,seed rye,2,16.50,paid
S04563,2025-12-03,croissant,1,3.75,paid
S04564,2025-12-03,filter coffee,1,3.00,paid
S04565,2025-12-03,cinnamon bun,1,4.25,paid
S04566,2025-12-04,filter coffee,1,3.00,refunded
S04567,2025-12-04,croissant,1,3.75,void
S04568,2025-12-04,sourdough loaf,3,22.50,paid
S04569,2025-12-04,seed rye,2,16.50,paid
S04570,2025-12-04,sourdough loaf,1,7.50,paid
S04571,2025-12-04,sourdough loaf,1,7.50,paid
S04572,2025-12-04,apple tart,1,5.50,paid
S04573,2025-12-04,filter coffee,2,6.00,paid
S04574,2025-12-04,sourdough loaf,1,7.50,paid
S04575,2025-12-04,croissant,1,3.75,paid
S04576,2025-12-04,cinnamon bun,3,12.75,paid
S04577,2025-12-04,cinnamon bun,1,4.25,paid
S04578,2025-12-05,sourdough loaf,1,7.50,paid
S04579,2025-12-05,sourdough loaf,2,15.00,paid
S04580,2025-12-05,seed rye,1,8.25,paid
S04581,2025-12-05,apple tart,2,11.00,paid
S04582,2025-12-05,croissant,2,7.50,paid
S04583,2025-12-05,seed rye,1,8.25,paid
S04584,2025-12-05,apple tart,2,11.00,paid
S04585,2025-12-05,seed rye,1,8.25,paid
S04586,2025-12-05,filter coffee,1,3.00,paid
S04587,2025-12-05,cinnamon bun,2,8.50,paid
S04588,2025-12-05,apple tart,3,16.50,void
S04589,2025-12-05,sourdough loaf,3,22.50,paid
S04590,2025-12-05,sourdough loaf,3,22.50,paid
S04591,2025-12-05,filter coffee,1,3.00,paid
S04592,2025-12-05,filter coffee,1,3.00,paid
S04593,2025-12-05,filter coffee,1,3.00,paid
S04594,2025-12-05,apple tart,2,11.00,paid
S04595,2025-12-06,apple tart,1,5.50,paid
S04596,2025-12-06,seed rye,1,8.25,paid
S04597,2025-12-06,filter coffee,2,6.00,paid
S04598,2025-12-06,filter coffee,1,3.00,paid
S04599,2025-12-06,sourdough loaf,2,15.00,paid
S04600,2025-12-06,filter coffee,3,9.00,paid
S04601,2025-12-06,apple tart,2,11.00,paid
S04602,2025-12-06,apple tart,1,5.50,refunded
S04603,2025-12-06,apple tart,3,16.50,paid
S04604,2025-12-06,apple tart,1,5.50,paid
S04605,2025-12-06,apple tart,1,,paid
S04606,2025-12-06,cinnamon bun,2,8.50,paid
S04607,2025-12-06,sourdough loaf,2,15.00,paid
S04608,2025-12-06,filter coffee,1,3.00,paid
S04609,2025-12-06,seed rye,1,8.25,paid
S04610,2025-12-06,croissant,1,3.75,paid
S04611,2025-12-06,seed rye,1,8.25,paid
S04612,2025-12-06,cinnamon bun,2,8.50,paid
S04613,2025-12-06,seed rye,2,16.50,void
S04614,2025-12-06,croissant,2,7.50,paid
S04615,2025-12-06,seed rye,2,16.50,paid
S04616,2025-12-06,seed rye,1,8.25,void
S04617,2025-12-06,filter coffee,1,3.00,paid
S04618,2025-12-07,croissant,1,3.75,paid
S04619,2025-12-07,croissant,2,7.50,paid
S04620,2025-12-07,croissant,3,11.25,paid
S04621,2025-12-07,seed rye,2,16.50,paid
S04622,2025-12-07,sourdough loaf,1,7.50,paid
S04623,2025-12-07,sourdough loaf,1,7.50,paid
S04624,2025-12-07,filter coffee,2,6.00,paid
S04625,2025-12-07,croissant,1,3.75,paid
S04626,2025-12-07,filter coffee,3,9.00,paid
S04627,2025-12-07,seed rye,1,8.25,paid
S04628,2025-12-07,filter coffee,3,9.00,paid
S04629,2025-12-07,cinnamon bun,1,4.25,paid
S04630,2025-12-07,seed rye,1,8.25,paid
S04631,2025-12-07,sourdough loaf,1,7.50,paid
S04632,2025-12-07,sourdough loaf,1,7.50,paid
S04633,2025-12-07,filter coffee,1,3.00,paid
S04634,2025-12-07,sourdough loaf,3,22.50,paid
S04635,2025-12-07,seed rye,1,8.25,paid
S04636,2025-12-07,sourdough loaf,1,7.50,paid
S04637,2025-12-08,sourdough loaf,1,7.50,paid
S04638,2025-12-09,filter coffee,1,3.00,paid
S04639,2025-12-09,sourdough loaf,2,15.00,paid
S04640,2025-12-09,croissant,2,7.50,paid
S04641,2025-12-09,croissant,1,3.75,paid
S04642,2025-12-09,apple tart,2,11.00,paid
S04643,2025-12-09,filter coffee,1,3.00,paid
S04644,2025-12-10,croissant,2,7.50,paid
S04645,2025-12-10,seed rye,1,8.25,paid
S04646,2025-12-10,seed rye,1,8.25,paid
S04647,2025-12-10,cinnamon bun,1,4.25,paid
S04648,2025-12-10,croissant,3,11.25,paid
S04649,2025-12-10,sourdough loaf,1,7.50,void
S04650,2025-12-10,filter coffee,3,9.00,paid
S04651,2025-12-10,seed rye,1,8.25,paid
S04652,2025-12-10,croissant,1,3.75,paid
S04653,2025-12-10,filter coffee,2,6.00,paid
S04654,2025-12-10,filter coffee,1,3.00,paid
S04655,2025-12-11,seed rye,1,8.25,paid
S04656,2025-12-11,filter coffee,1,3.00,paid
S04657,2025-12-11,filter coffee,1,3.00,paid
S04658,2025-12-11,filter coffee,1,3.00,paid
S04659,2025-12-11,apple tart,3,16.50,paid
S04660,2025-12-11,cinnamon bun,1,4.25,paid
S04661,2025-12-11,filter coffee,1,3.00,paid
S04662,2025-12-11,cinnamon bun,1,4.25,paid
S04663,2025-12-11,sourdough loaf,3,22.50,paid
S04664,2025-12-11,cinnamon bun,1,4.25,paid
S04665,2025-12-11,apple tart,3,16.50,paid
S04666,2025-12-11,croissant,2,7.50,paid
S04667,2025-12-11,cinnamon bun,1,4.25,paid
S04668,2025-12-11,apple tart,2,11.00,paid
S04669,2025-12-11,cinnamon bun,1,4.25,paid
S04670,2025-12-11,seed rye,1,8.25,paid
S04671,2025-12-11,cinnamon bun,1,4.25,refunded
S04672,2025-12-12,cinnamon bun,2,8.50,paid
S04673,2025-12-12,croissant,3,11.25,paid
S04674,2025-12-12,croissant,1,3.75,paid
S04675,2025-12-12,croissant,1,3.75,paid
S04676,2025-12-12,seed rye,2,16.50,paid
S04677,2025-12-12,sourdough loaf,1,7.50,paid
S04678,2025-12-12,sourdough loaf,2,15.00,paid
S04679,2025-12-12,croissant,1,3.75,paid
S04680,2025-12-12,filter coffee,2,6.00,paid
S04681,2025-12-12,sourdough loaf,2,15.00,paid
S04682,2025-12-12,cinnamon bun,1,4.25,paid
S04683,2025-12-12,croissant,1,3.75,paid
S04684,2025-12-12,seed rye,1,8.25,paid
S04685,2025-12-12,filter coffee,1,3.00,paid
S04686,2025-12-12,croissant,1,3.75,paid
S04687,2025-12-12,filter coffee,1,3.00,paid
S04688,2025-12-12,sourdough loaf,3,22.50,paid
S04689,2025-12-13,seed rye,1,8.25,paid
S04690,2025-12-13,cinnamon bun,3,12.75,paid
S04691,13/12/2025,seed rye,1,8.25,paid
S04692,2025-12-13,sourdough loaf,2,15.00,paid
S04693,2025-12-13,cinnamon bun,1,4.25,paid
S04694,2025-12-13,filter coffee,2,6.00,paid
S04695,2025-12-13,seed rye,3,24.75,paid
S04696,2025-12-13,filter coffee,1,3.00,refunded
S04697,2025-12-13,apple tart,2,11.00,paid
S04698,2025-12-13,seed rye,1,8.25,paid
S04699,2025-12-13,apple tart,3,16.50,paid
S04700,2025-12-13,seed rye,2,16.50,paid
S04701,2025-12-13,croissant,1,3.75,paid
S04702,2025-12-13,sourdough loaf,1,7.50,paid
S04703,2025-12-13,sourdough loaf,2,15.00,paid
S04704,2025-12-13,filter coffee,2,6.00,paid
S04705,2025-12-13,filter coffee,1,3.00,paid
S04706,2025-12-13,apple tart,2,11.00,paid
S04707,2025-12-13,sourdough loaf,1,7.50,paid
S04708,2025-12-13,cinnamon bun,1,4.25,paid
S04709,2025-12-13,cinnamon bun,3,12.75,paid
S04710,2025-12-13,seed rye,1,8.25,paid
S04711,2025-12-13,croissant,2,7.50,paid
S04712,2025-12-13,seed rye,1,8.25,paid
S04713,2025-12-14,croissant,1,3.75,paid
S04714,2025-12-14,cinnamon bun,2,8.50,paid
S04715,2025-12-14,croissant,2,7.50,paid
S04716,2025-12-14,sourdough loaf,1,7.50,paid
S04717,2025-12-14,croissant,1,3.75,paid
S04718,2025-12-14,sourdough loaf,1,7.50,paid
S04719,2025-12-14,croissant,1,3.75,paid
S04720,2025-12-14,sourdough loaf,1,7.50,paid
S04721,2025-12-14,seed rye,1,8.25,paid
S04722,2025-12-14,apple tart,3,16.50,paid
S04723,2025-12-14,seed rye,1,8.25,paid
S04724,2025-12-14,croissant,1,3.75,paid
S04725,2025-12-14,filter coffee,2,6.00,paid
S04726,2025-12-14,apple tart,1,5.50,paid
S04727,2025-12-14,apple tart,1,5.50,paid
S04728,2025-12-14,apple tart,1,5.50,paid
S04729,2025-12-14,seed rye,2,16.50,paid
S04730,2025-12-14,filter coffee,2,6.00,paid
S04731,2025-12-14,seed rye,1,8.25,paid
S04732,2025-12-14,apple tart,1,5.50,paid
S04733,2025-12-14,sourdough loaf,3,22.50,paid
S04734,2025-12-15,filter coffee,1,3.00,paid
S04735,2025-12-15,cinnamon bun,1,4.25,paid
S04736,2025-12-15,croissant,3,11.25,paid
S04737,2025-12-15,filter coffee,1,3.00,paid
S04738,2025-12-16,apple tart,1,5.50,paid
S04739,2025-12-16,apple tart,3,16.50,paid
S04740,2025-12-16,sourdough loaf,2,15.00,paid
S04741,2025-12-16,croissant,1,3.75,paid
S04742,2025-12-16,croissant,2,7.50,paid
S04743,2025-12-16,cinnamon bun,1,4.25,paid
S04744,2025-12-16,cinnamon bun,2,8.50,paid
S04745,2025-12-16,seed rye,2,16.50,paid
S04746,2025-12-16,apple tart,3,16.50,paid
S04747,2025-12-16,seed rye,1,,paid
S04748,2025-12-16,croissant,3,11.25,void
S04749,2025-12-17,apple tart,3,16.50,paid
S04750,2025-12-17,seed rye,1,8.25,paid
S04751,2025-12-17,cinnamon bun,1,4.25,paid
S04752,2025-12-17,cinnamon bun,2,8.50,paid
S04753,2025-12-17,seed rye,2,16.50,paid
S04754,2025-12-17,apple tart,1,5.50,paid
S04755,2025-12-17,croissant,1,3.75,paid
S04756,2025-12-17,sourdough loaf,1,7.50,paid
S04757,2025-12-17,seed rye,2,16.50,paid
S04758,2025-12-17,croissant,1,3.75,paid
S04759,2025-12-17,croissant,3,,paid
S04760,2025-12-17,apple tart,1,5.50,paid
S04761,2025-12-18,croissant,2,7.50,paid
S04762,2025-12-18,croissant,3,11.25,paid
S04763,2025-12-18,apple tart,1,5.50,paid
S04764,2025-12-18,sourdough loaf,1,7.50,paid
S04765,2025-12-18,cinnamon bun,1,4.25,paid
S04766,2025-12-18,filter coffee,1,3.00,paid
S04767,2025-12-18,sourdough loaf,1,7.50,paid
S04768,2025-12-18,sourdough loaf,1,7.50,paid
S04769,2025-12-18,cinnamon bun,2,8.50,paid
S04770,2025-12-18,seed rye,2,16.50,paid
S04771,2025-12-18,filter coffee,2,6.00,paid
S04772,2025-12-18,apple tart,1,5.50,paid
S04773,2025-12-18,cinnamon bun,3,12.75,paid
S04774,2025-12-18,cinnamon bun,3,12.75,paid
S04775,2025-12-18,apple tart,1,5.50,void
S04776,2025-12-18,cinnamon bun,1,4.25,paid
S04777,2025-12-18,croissant,1,3.75,paid
S04778,2025-12-19,croissant,1,3.75,paid
S04779,2025-12-19,cinnamon bun,3,12.75,paid
S04780,2025-12-19,cinnamon bun,2,8.50,paid
S04781,2025-12-19,sourdough loaf,1,7.50,paid
S04782,2025-12-19,filter coffee,3,9.00,paid
S04783,2025-12-19,filter coffee,1,3.00,paid
S04784,2025-12-19,filter coffee,1,3.00,paid
S04785,2025-12-19,apple tart,1,5.50,paid
S04786,2025-12-19,apple tart,1,5.50,paid
S04787,2025-12-19,sourdough loaf,2,15.00,paid
S04788,2025-12-19,croissant,1,3.75,paid
S04789,2025-12-20,sourdough loaf,1,7.50,paid
S04790,2025-12-20,seed rye,3,24.75,paid
S04791,2025-12-20,filter coffee,1,3.00,paid
S04792,2025-12-20,sourdough loaf,1,7.50,paid
S04793,2025-12-20,apple tart,1,5.50,paid
S04794,2025-12-20,filter coffee,1,3.00,paid
S04795,2025-12-20,cinnamon bun,1,4.25,paid
S04796,2025-12-20,sourdough loaf,2,15.00,paid
S04797,2025-12-20,apple tart,1,5.50,paid
S04798,2025-12-20,croissant,1,3.75,paid
S04799,2025-12-20,cinnamon bun,1,4.25,paid
S04800,2025-12-20,seed rye,3,24.75,paid
S04801,2025-12-20,apple tart,2,11.00,paid
S04802,2025-12-20,sourdough loaf,3,22.50,paid
S04803,2025-12-20,filter coffee,2,6.00,paid
S04804,2025-12-20,croissant,1,3.75,paid
S04805,2025-12-20,croissant,2,7.50,paid
S04806,2025-12-20,apple tart,2,11.00,paid
S04807,2025-12-20,sourdough loaf,3,22.50,paid
S04808,2025-12-20,cinnamon bun,1,4.25,paid
S04809,2025-12-20,apple tart,3,16.50,paid
S04810,2025-12-20,apple tart,1,5.50,paid
S04811,2025-12-20,seed rye,3,24.75,paid
S04812,2025-12-20,croissant,1,3.75,paid
S04813,2025-12-20,filter coffee,2,6.00,paid
S04814,2025-12-20,seed rye,1,8.25,paid
S04815,2025-12-20,croissant,1,3.75,paid
S04816,2025-12-20,croissant,2,7.50,paid
S04817,2025-12-21,apple tart,3,16.50,paid
S04818,2025-12-21,filter coffee,1,3.00,paid
S04819,2025-12-21,apple tart,3,16.50,paid
S04820,2025-12-21,filter coffee,1,3.00,paid
S04821,2025-12-21,cinnamon bun,3,12.75,paid
S04822,2025-12-21,sourdough loaf,1,7.50,paid
S04823,2025-12-21,sourdough loaf,1,7.50,paid
S04824,2025-12-21,croissant,3,11.25,paid
S04825,2025-12-21,apple tart,2,11.00,paid
S04826,2025-12-21,seed rye,3,24.75,paid
S04827,2025-12-21,seed rye,3,24.75,paid
S04828,2025-12-21,filter coffee,1,3.00,void
S04829,2025-12-21,croissant,2,7.50,refunded
S04830,2025-12-21,croissant,2,7.50,paid
S04831,2025-12-21,cinnamon bun,1,4.25,paid
S04832,2025-12-21,seed rye,1,8.25,paid
S04833,2025-12-21,seed rye,1,8.25,paid
S04834,2025-12-21,cinnamon bun,1,4.25,void
S04835,2025-12-21,apple tart,1,5.50,paid
S04836,2025-12-21,cinnamon bun,1,4.25,paid
S04837,2025-12-21,filter coffee,1,3.00,paid
S04838,2025-12-21,seed rye,2,16.50,paid
S04839,2025-12-21,apple tart,2,11.00,paid
S04840,2025-12-21,croissant,1,3.75,paid
S04841,2025-12-21,croissant,1,3.75,paid
S04842,2025-12-21,apple tart,1,5.50,paid
S04843,2025-12-22,seed rye,1,8.25,paid
S04844,2025-12-22,seed rye,1,8.25,paid
S04845,2025-12-22,seed rye,3,24.75,paid
S04846,2025-12-23,cinnamon bun,2,8.50,paid
S04847,2025-12-23,cinnamon bun,1,4.25,paid
S04848,2025-12-23,filter coffee,2,6.00,paid
S04849,2025-12-23,apple tart,2,11.00,paid
S04850,2025-12-23,apple tart,2,11.00,paid
S04851,2025-12-23,sourdough loaf,1,7.50,paid
S04852,2025-12-23,filter coffee,2,6.00,paid
S04853,2025-12-23,seed rye,1,8.25,paid
S04854,2025-12-23,croissant,1,3.75,paid
S04855,2025-12-23,cinnamon bun,2,8.50,paid
S04856,2025-12-23,filter coffee,1,3.00,paid
S04857,2025-12-23,sourdough loaf,1,7.50,paid
S04858,2025-12-23,cinnamon bun,2,8.50,paid
S04859,2025-12-24,cinnamon bun,1,4.25,paid
S04860,2025-12-24,apple tart,1,5.50,paid
S04861,2025-12-24,croissant,1,3.75,paid
S04862,2025-12-24,filter coffee,1,3.00,paid
S04863,2025-12-24,croissant,2,7.50,paid
S04864,2025-12-24,apple tart,3,16.50,paid
S04865,2025-12-24,croissant,1,3.75,paid
S04866,2025-12-24,seed rye,2,16.50,paid
S04867,2025-12-24,filter coffee,3,9.00,paid
S04868,2025-12-24,cinnamon bun,3,12.75,paid
S04869,2025-12-24,seed rye,1,8.25,paid
S04870,2025-12-24,seed rye,1,8.25,paid
S04871,2025-12-24,apple tart,1,5.50,paid
S04872,2025-12-24,sourdough loaf,1,7.50,paid
S04873,2025-12-24,seed rye,2,16.50,paid
S04874,2025-12-24,cinnamon bun,1,4.25,paid
S04875,2025-12-25,croissant,2,7.50,paid
S04876,2025-12-25,apple tart,1,5.50,paid
S04877,2025-12-25,sourdough loaf,2,15.00,refunded
S04878,2025-12-25,filter coffee,3,9.00,paid
S04879,2025-12-25,croissant,2,7.50,paid
S04880,2025-12-25,croissant,3,11.25,paid
S04881,2025-12-25,croissant,2,7.50,paid
S04882,2025-12-25,sourdough loaf,1,7.50,paid
S04883,2025-12-25,apple tart,3,16.50,paid
S04884,2025-12-25,filter coffee,1,3.00,refunded
S04885,2025-12-25,croissant,1,3.75,paid
S04886,2025-12-25,sourdough loaf,1,7.50,paid
S04887,2025-12-25,filter coffee,3,9.00,paid
S04888,2025-12-26,cinnamon bun,1,4.25,void
S04889,2025-12-26,sourdough loaf,1,7.50,paid
S04890,2025-12-26,seed rye,2,16.50,paid
S04891,2025-12-26,filter coffee,3,9.00,paid
S04892,2025-12-26,filter coffee,3,,void
S04893,2025-12-26,filter coffee,3,9.00,paid
S04894,2025-12-26,sourdough loaf,2,15.00,paid
S04895,2025-12-26,cinnamon bun,2,8.50,paid
S04896,2025-12-26,sourdough loaf,1,7.50,paid
S04897,2025-12-26,sourdough loaf,1,7.50,paid
S04898,2025-12-26,seed rye,1,8.25,void
S04899,2025-12-26,filter coffee,1,3.00,paid
S04900,2025-12-26,croissant,2,7.50,paid
S04901,2025-12-26,sourdough loaf,1,7.50,paid
S04902,2025-12-26,seed rye,1,8.25,paid
S04903,2025-12-27,seed rye,1,8.25,paid
S04904,2025-12-27,filter coffee,3,9.00,paid
S04905,2025-12-27,cinnamon bun,2,8.50,paid
S04906,2025-12-27,sourdough loaf,3,22.50,paid
S04907,2025-12-27,filter coffee,2,6.00,paid
S04908,2025-12-27,sourdough loaf,2,15.00,paid
S04909,2025-12-27,seed rye,2,16.50,paid
S04910,2025-12-27,croissant,1,3.75,paid
S04911,2025-12-27,apple tart,1,5.50,paid
S04912,2025-12-27,seed rye,1,8.25,paid
S04913,2025-12-27,filter coffee,1,3.00,paid
S04914,2025-12-27,croissant,3,11.25,paid
S04915,2025-12-27,cinnamon bun,2,8.50,paid
S04916,2025-12-27,filter coffee,1,3.00,paid
S04917,2025-12-27,cinnamon bun,1,4.25,paid
S04918,2025-12-27,apple tart,2,11.00,paid
S04919,2025-12-27,seed rye,1,8.25,paid
S04920,2025-12-27,sourdough loaf,1,7.50,paid
S04921,2025-12-27,croissant,2,7.50,paid
S04922,2025-12-27,cinnamon bun,2,8.50,paid
S04923,2025-12-27,cinnamon bun,1,4.25,paid
S04924,2025-12-27,croissant,2,7.50,paid
S04925,2025-12-27,cinnamon bun,2,8.50,paid
S04926,2025-12-27,sourdough loaf,1,7.50,paid
S04927,2025-12-27,cinnamon bun,2,8.50,paid
S04928,2025-12-27,croissant,3,11.25,paid
S04929,2025-12-28,croissant,2,7.50,paid
S04930,2025-12-28,cinnamon bun,1,4.25,paid
S04931,2025-12-28,cinnamon bun,2,8.50,paid
S04932,2025-12-28,croissant,2,7.50,paid
S04933,2025-12-28,sourdough loaf,1,7.50,paid
S04934,2025-12-28,filter coffee,2,6.00,paid
S04935,2025-12-28,croissant,1,3.75,paid
S04936,2025-12-28,apple tart,1,5.50,paid
S04937,2025-12-28,cinnamon bun,2,8.50,paid
S04938,2025-12-28,cinnamon bun,2,8.50,paid
S04939,2025-12-28,sourdough loaf,2,15.00,paid
S04940,2025-12-28,filter coffee,3,9.00,paid
S04941,2025-12-28,croissant,3,11.25,paid
S04942,2025-12-28,cinnamon bun,1,4.25,refunded
S04943,2025-12-28,seed rye,1,8.25,paid
S04943,2025-12-28,seed rye,1,8.25,paid
S04944,2025-12-28,sourdough loaf,1,7.50,paid
S04945,2025-12-28,apple tart,2,11.00,paid
S04946,2025-12-28,sourdough loaf,2,15.00,paid
S04947,2025-12-28,sourdough loaf,2,15.00,paid
S04948,2025-12-28,seed rye,2,16.50,void
S04949,2025-12-28,croissant,3,11.25,paid
S04950,2025-12-28,apple tart,1,,paid
S04951,2025-12-28,apple tart,3,16.50,paid
S04952,2025-12-29,seed rye,1,8.25,paid
S04953,2025-12-29,apple tart,3,16.50,paid
S04954,2025-12-29,seed rye,3,24.75,paid
S04955,2025-12-29,cinnamon bun,3,12.75,paid
S04956,2025-12-29,filter coffee,2,6.00,paid
S04957,2025-12-29,apple tart,2,11.00,paid
S04958,2025-12-30,filter coffee,1,3.00,paid
S04959,2025-12-30,seed rye,1,8.25,paid
S04960,2025-12-30,sourdough loaf,2,15.00,paid
S04961,2025-12-30,sourdough loaf,1,7.50,paid
S04962,2025-12-30,cinnamon bun,1,4.25,paid
S04963,2025-12-30,filter coffee,1,3.00,paid
S04964,2025-12-30,croissant,2,7.50,paid
S04965,2025-12-30,apple tart,1,5.50,paid
S04966,2025-12-30,apple tart,1,5.50,paid
S04967,2025-12-30,sourdough loaf,2,15.00,refunded
S04968,2025-12-30,filter coffee,1,3.00,paid
S04969,2025-12-30,seed rye,1,8.25,paid
S04970,2025-12-30,filter coffee,2,6.00,paid
S04971,2025-12-31,seed rye,2,16.50,paid
S04972,2025-12-31,filter coffee,1,3.00,paid
S04973,2025-12-31,croissant,1,3.75,paid
S04974,2025-12-31,sourdough loaf,2,15.00,paid
S04975,2025-12-31,sourdough loaf,2,15.00,paid
S04976,2025-12-31,seed rye,1,8.25,paid
S04977,2025-12-31,cinnamon bun,1,4.25,paid
S04978,2025-12-31,sourdough loaf,1,7.50,paid
S04979,2025-12-31,filter coffee,1,3.00,paid
S04980,2025-12-31,seed rye,3,24.75,void
S04981,2025-12-31,sourdough loaf,1,7.50,paid
S04982,2025-12-31,sourdough loaf,2,15.00,paid
S04983,2025-12-31,croissant,2,7.50,paid
S04984,2025-12-31,croissant,1,3.75,paid
